#include <touchgfx/hal/Types.hpp>

FONT_GLYPH_LOCATION_FLASH_PRAGMA
KEEP extern const uint8_t unicodes_Roboto_Bold_120_1bpp_0[] FONT_GLYPH_LOCATION_FLASH_ATTRIBUTE = {
    // Unicode: [0x0021]
    0xFE, 0xFF, 0xF7, 0xFF, 0xBF, 0xFF, 0xFF, 0xFD, 0xFF, 0xEF, 0xFF, 0x7F, 0xFF, 0xFF, 0xFB, 0xFF,
    0xDF, 0xFF, 0xFF, 0xFE, 0xFF, 0xF7, 0xFF, 0xBF, 0xFF, 0xFF, 0xFD, 0xFF, 0xEF, 0xFF, 0x7F, 0xFF,
    0xFF, 0xF9, 0xFF, 0xCF, 0xFF, 0x7F, 0xFE, 0xFF, 0xF3, 0xFF, 0x9F, 0xFF, 0xFF, 0xF8, 0xFF, 0xC7,
    0xFF, 0x3F, 0xFE, 0xFF, 0xF1, 0xFF, 0x8F, 0xFF, 0x7F, 0xFC, 0xFF, 0xE3, 0xFF, 0x1F, 0xFF, 0xFF,
    0xF8, 0xFF, 0xC7, 0xFF, 0x3F, 0xFE, 0xFF, 0xF1, 0xFF, 0x8F, 0xFF, 0x7F, 0xFC, 0xFF, 0xE3, 0xFF,
    0x1F, 0xFF, 0xFF, 0xF8, 0xFF, 0xC7, 0xFF, 0x3F, 0xFE, 0xFF, 0xF1, 0xFF, 0x8F, 0xFF, 0x7F, 0xFC,
    0xFF, 0xE3, 0xFF, 0x1F, 0xFF, 0x7F, 0xF8, 0xFF, 0xC3, 0xFF, 0x1F, 0xFE, 0xFF, 0xF0, 0xFF, 0x87,
    0xFF, 0x3F, 0xF8, 0xFF, 0xC1, 0xFF, 0x0F, 0xFE, 0x7F, 0xF0, 0xFF, 0x83, 0xFF, 0x1F, 0xFC, 0xFF,
    0xE0, 0xFF, 0x07, 0xFF, 0x3F, 0xF8, 0xFF, 0xC1, 0xFF, 0x0F, 0xFE, 0x7F, 0x00, 0x00, 0x00, 0x00,
    0x00, 0x00, 0x00, 0x00, 0x00, 0x00, 0x00, 0x00, 0x00, 0x00, 0x00, 0x00, 0x00, 0x00, 0x00, 0x00,
    0x00, 0x00, 0xF8, 0x01, 0xF8, 0x3F, 0xE0, 0xFF, 0x87, 0xFF, 0x7F, 0xFC, 0xFF, 0xF3, 0xFF, 0xBF,
    0xFF, 0xFF, 0xFD, 0xFF, 0xFF, 0xFF, 0xFF, 0xFF, 0xFF, 0xFB, 0xFF, 0xDF, 0xFF, 0xFF, 0xFE, 0xFF,
    0xE7, 0xFF, 0x1F, 0xFF, 0xFF, 0xF0, 0xFF, 0x03, 0xFF, 0x0F, 0xC0, 0x0F, 0x00,
    // Unicode: [0x0022]
    0xFF, 0x0F, 0xF8, 0xFF, 0xFF, 0x07, 0xFC, 0xFF, 0xFF, 0x03, 0xFE, 0xFF, 0xFF, 0x01, 0xFF, 0xFF,
    0xFF, 0x80, 0xFF, 0xFF, 0x7F, 0xC0, 0xFF, 0xFF, 0x3F, 0xE0, 0xFF, 0xFF, 0x1F, 0xF0, 0xFF, 0xFF,
    0x0F, 0xF8, 0xFF, 0xFF, 0x07, 0xFC, 0xFF, 0xFF, 0x03, 0xFE, 0xFF, 0xFF, 0x00, 0xFF, 0xFF, 0x7F,
    0x80, 0xFF, 0xFB, 0x3F, 0xC0, 0xFF, 0xFD, 0x1F, 0xE0, 0xFF, 0xFE, 0x0F, 0xF0, 0x7F, 0xFF, 0x07,
    0xF8, 0xBF, 0xFF, 0x03, 0xFC, 0xDF, 0xFF, 0x01, 0xFE, 0xEF, 0xFF, 0x00, 0xFF, 0xF7, 0x7F, 0x80,
    0xFF, 0xFB, 0x1F, 0xC0, 0xFF, 0xFD, 0x0F, 0xE0, 0x7F, 0xFE, 0x07, 0xF0, 0x3F, 0xFF, 0x03, 0xF8,
    0x9F, 0xFF, 0x01, 0xFC, 0xCF, 0xFF, 0x00, 0xFE, 0xE7, 0x7F, 0x00, 0xFF, 0xF3, 0x3F, 0x80, 0xFF,
    0xF9, 0x1F, 0xC0, 0xFF, 0xFC, 0x0F, 0xE0, 0x7F, 0xFE, 0x07, 0xF0, 0x3F,
    // Unicode: [0x0023]
    0x00, 0x00, 0x00, 0xFF, 0x03, 0xC0, 0xFF, 0x00, 0x00, 0x00, 0x00, 0xFF, 0x07, 0xC0, 0xFF, 0x01,
    0x00, 0x00, 0x00, 0xFE, 0x0F, 0x80, 0xFF, 0x03, 0x00, 0x00, 0x00, 0xFC, 0x1F, 0x00, 0xFF, 0x07,
    0x00, 0x00, 0x00, 0xF8, 0x1F, 0x00, 0xFE, 0x0F, 0x00, 0x00, 0x00, 0xF0, 0x3F, 0x00, 0xFC, 0x0F,
    0x00, 0x00, 0x00, 0xF0, 0x7F, 0x00, 0xFC, 0x1F, 0x00, 0x00, 0x00, 0xE0, 0xFF, 0x00, 0xF8, 0x3F,
    0x00, 0x00, 0x00, 0xC0, 0xFF, 0x01, 0xF0, 0x7F, 0x00, 0x00, 0x00, 0x80, 0xFF, 0x03, 0xE0, 0xFF,
    0x00, 0x00, 0x00, 0x00, 0xFF, 0x03, 0xC0, 0xFF, 0x01, 0x00, 0x00, 0x00, 0xFE, 0x07, 0x80, 0xFF,
    0x01, 0x00, 0x00, 0x00, 0xFE, 0x0F, 0x80, 0xFF, 0x03, 0x00, 0x00, 0x00, 0xFC, 0x1F, 0x00, 0xFF,
    0x07, 0x00, 0x00, 0x00, 0xF8, 0x3F, 0x00, 0xFE, 0x0F, 0x00, 0x00, 0x00, 0xF0, 0x7F, 0x00, 0xFC,
    0x1F, 0x00, 0x00, 0x00, 0xE0, 0x7F, 0x00, 0xF8, 0x1F, 0x00, 0x00, 0x00, 0xE0, 0xFF, 0x00, 0xF0,
    0x3F, 0x00, 0x00, 0x00, 0xC0, 0xFF, 0x01, 0xF0, 0x7F, 0x00, 0x00, 0x00, 0x80, 0xFF, 0x03, 0xE0,
    0xFF, 0x00, 0x00, 0x00, 0x00, 0xFF, 0x07, 0xC0, 0xFF, 0x01, 0x00, 0x00, 0x00, 0xFE, 0x07, 0x80,
    0xFF, 0x03, 0x00, 0x00, 0x00, 0xFC, 0x0F, 0x00, 0xFF, 0x03, 0x00, 0x00, 0x00, 0xFC, 0x1F, 0x00,
    0xFF, 0x07, 0x00, 0xF0, 0xFF, 0xFF, 0xFF, 0xFF, 0xFF, 0xFF, 0xFF, 0xE1, 0xFF, 0xFF, 0xFF, 0xFF,
    0xFF, 0xFF, 0xFF, 0xC3, 0xFF, 0xFF, 0xFF, 0xFF, 0xFF, 0xFF, 0xFF, 0x87, 0xFF, 0xFF, 0xFF, 0xFF,
    0xFF, 0xFF, 0xFF, 0x0F, 0xFF, 0xFF, 0xFF, 0xFF, 0xFF, 0xFF, 0xFF, 0x1F, 0xFE, 0xFF, 0xFF, 0xFF,
    0xFF, 0xFF, 0xFF, 0x3F, 0xFC, 0xFF, 0xFF, 0xFF, 0xFF, 0xFF, 0xFF, 0x7F, 0xF8, 0xFF, 0xFF, 0xFF,
    0xFF, 0xFF, 0xFF, 0xFF, 0xF0, 0xFF, 0xFF, 0xFF, 0xFF, 0xFF, 0xFF, 0xFF, 0xE1, 0xFF, 0xFF, 0xFF,
    0xFF, 0xFF, 0xFF, 0xFF, 0x03, 0x00, 0xF8, 0x3F, 0x00, 0xFE, 0x0F, 0x00, 0x00, 0x00, 0xF0, 0x7F,
    0x00, 0xFC, 0x1F, 0x00, 0x00, 0x00, 0xE0, 0xFF, 0x00, 0xF8, 0x3F, 0x00, 0x00, 0x00, 0xC0, 0xFF,
    0x01, 0xF0, 0x7F, 0x00, 0x00, 0x00, 0x80, 0xFF, 0x01, 0xE0, 0xFF, 0x00, 0x00, 0x00, 0x00, 0xFF,
    0x03, 0xC0, 0xFF, 0x00, 0x00, 0x00, 0x00, 0xFF, 0x07, 0xC0, 0xFF, 0x01, 0x00, 0x00, 0x00, 0xFE,
    0x0F, 0x80, 0xFF, 0x03, 0x00, 0x00, 0x00, 0xFC, 0x1F, 0x00, 0xFF, 0x07, 0x00, 0x00, 0x00, 0xF8,
    0x3F, 0x00, 0xFE, 0x0F, 0x00, 0x00, 0x00, 0xF0, 0x3F, 0x00, 0xFC, 0x0F, 0x00, 0x00, 0x00, 0xE0,
    0x7F, 0x00, 0xF8, 0x1F, 0x00, 0x00, 0x00, 0xE0, 0xFF, 0x00, 0xF8, 0x3F, 0x00, 0x00, 0x00, 0xC0,
    0xFF, 0x01, 0xF0, 0x7F, 0x00, 0x00, 0x00, 0x80, 0xFF, 0x03, 0xE0, 0xFF, 0x00, 0x00, 0x00, 0x00,
    0xFF, 0x07, 0xC0, 0xFF, 0x01, 0x00, 0x00, 0x00, 0xFE, 0x07, 0x80, 0xFF, 0x01, 0x00, 0xF8, 0xFF,
    0xFF, 0xFF, 0xFF, 0xFF, 0xFF, 0x7F, 0xF0, 0xFF, 0xFF, 0xFF, 0xFF, 0xFF, 0xFF, 0xFF, 0xE0, 0xFF,
    0xFF, 0xFF, 0xFF, 0xFF, 0xFF, 0xFF, 0xC1, 0xFF, 0xFF, 0xFF, 0xFF, 0xFF, 0xFF, 0xFF, 0x83, 0xFF,
    0xFF, 0xFF, 0xFF, 0xFF, 0xFF, 0xFF, 0x07, 0xFF, 0xFF, 0xFF, 0xFF, 0xFF, 0xFF, 0xFF, 0x0F, 0xFE,
    0xFF, 0xFF, 0xFF, 0xFF, 0xFF, 0xFF, 0x1F, 0xFC, 0xFF, 0xFF, 0xFF, 0xFF, 0xFF, 0xFF, 0x3F, 0xF8,
    0xFF, 0xFF, 0xFF, 0xFF, 0xFF, 0xFF, 0x7F, 0xF0, 0xFF, 0xFF, 0xFF, 0xFF, 0xFF, 0xFF, 0xFF, 0x00,
    0x00, 0xFC, 0x0F, 0x00, 0xFF, 0x07, 0x00, 0x00, 0x00, 0xF8, 0x1F, 0x00, 0xFE, 0x07, 0x00, 0x00,
    0x00, 0xF8, 0x3F, 0x00, 0xFE, 0x0F, 0x00, 0x00, 0x00, 0xF0, 0x7F, 0x00, 0xFC, 0x1F, 0x00, 0x00,
    0x00, 0xE0, 0xFF, 0x00, 0xF8, 0x3F, 0x00, 0x00, 0x00, 0xC0, 0xFF, 0x01, 0xF0, 0x7F, 0x00, 0x00,
    0x00, 0x80, 0xFF, 0x01, 0xE0, 0x7F, 0x00, 0x00, 0x00, 0x00, 0xFF, 0x03, 0xC0, 0xFF, 0x00, 0x00,
    0x00, 0x00, 0xFF, 0x07, 0xC0, 0xFF, 0x01, 0x00, 0x00, 0x00, 0xFE, 0x0F, 0x80, 0xFF, 0x03, 0x00,
    0x00, 0x00, 0xFC, 0x1F, 0x00, 0xFF, 0x07, 0x00, 0x00, 0x00, 0xF8, 0x3F, 0x00, 0xFE, 0x0F, 0x00,
    0x00, 0x00, 0xF0, 0x3F, 0x00, 0xFC, 0x0F, 0x00, 0x00, 0x00, 0xF0, 0x7F, 0x00, 0xFC, 0x1F, 0x00,
    0x00, 0x00, 0xE0, 0xFF, 0x00, 0xF8, 0x3F, 0x00, 0x00, 0x00, 0xC0, 0xFF, 0x01, 0xF0, 0x7F, 0x00,
    0x00, 0x00, 0x80, 0xFF, 0x03, 0xE0, 0xFF, 0x00, 0x00, 0x00, 0x00, 0xFF, 0x03, 0xC0, 0xFF, 0x01,
    0x00, 0x00, 0x00, 0xFE, 0x07, 0x80, 0xFF, 0x01, 0x00, 0x00, 0x00, 0xFE, 0x0F, 0x80, 0xFF, 0x03,
    0x00, 0x00, 0x00, 0xFC, 0x1F, 0x00, 0xFF, 0x07, 0x00, 0x00, 0x00, 0xF8, 0x3F, 0x00, 0xFE, 0x0F,
    0x00, 0x00, 0x00, 0xF0, 0x7F, 0x00, 0xFC, 0x1F, 0x00, 0x00, 0x00, 0xE0, 0x7F, 0x00, 0xF8, 0x1F,
    0x00, 0x00, 0x00,
    // Unicode: [0x0024]
    0x00, 0x00, 0x00, 0xF8, 0x0F, 0x00, 0x00, 0x00, 0x00, 0x00, 0xE0, 0x3F, 0x00, 0x00, 0x00, 0x00,
    0x00, 0x80, 0xFF, 0x00, 0x00, 0x00, 0x00, 0x00, 0x00, 0xFE, 0x03, 0x00, 0x00, 0x00, 0x00, 0x00,
    0xF8, 0x0F, 0x00, 0x00, 0x00, 0x00, 0x00, 0xE0, 0x3F, 0x00, 0x00, 0x00, 0x00, 0x00, 0x80, 0xFF,
    0x00, 0x00, 0x00, 0x00, 0x00, 0x00, 0xFE, 0x03, 0x00, 0x00, 0x00, 0x00, 0x00, 0xF8, 0x0F, 0x00,
    0x00, 0x00, 0x00, 0x00, 0xE0, 0x3F, 0x00, 0x00, 0x00, 0x00, 0x00, 0x80, 0xFF, 0x00, 0x00, 0x00,
    0x00, 0x00, 0x00, 0xFE, 0x03, 0x00, 0x00, 0x00, 0x00, 0x00, 0xF8, 0x0F, 0x00, 0x00, 0x00, 0x00,
    0x00, 0xFC, 0xFF, 0x00, 0x00, 0x00, 0x00, 0x00, 0xFF, 0xFF, 0x3F, 0x00, 0x00, 0x00, 0x80, 0xFF,
    0xFF, 0xFF, 0x03, 0x00, 0x00, 0x80, 0xFF, 0xFF, 0xFF, 0x3F, 0x00, 0x00, 0x80, 0xFF, 0xFF, 0xFF,
    0xFF, 0x03, 0x00, 0x00, 0xFF, 0xFF, 0xFF, 0xFF, 0x1F, 0x00, 0x00, 0xFE, 0xFF, 0xFF, 0xFF, 0xFF,
    0x00, 0x00, 0xFC, 0xFF, 0xFF, 0xFF, 0xFF, 0x07, 0x00, 0xF8, 0xFF, 0xFF, 0xFF, 0xFF, 0x3F, 0x00,
    0xF0, 0xFF, 0xFF, 0xFF, 0xFF, 0xFF, 0x01, 0xE0, 0xFF, 0xFF, 0xFF, 0xFF, 0xFF, 0x0F, 0x80, 0xFF,
    0xFF, 0xFF, 0xFF, 0xFF, 0x3F, 0x00, 0xFF, 0xFF, 0xFF, 0xFF, 0xFF, 0xFF, 0x01, 0xFC, 0xFF, 0xFF,
    0xFF, 0xFF, 0xFF, 0x07, 0xF8, 0xFF, 0xFF, 0x01, 0xFF, 0xFF, 0x3F, 0xE0, 0xFF, 0xFF, 0x01, 0xF0,
    0xFF, 0xFF, 0x80, 0xFF, 0xFF, 0x01, 0x00, 0xFF, 0xFF, 0x07, 0xFF, 0xFF, 0x07, 0x00, 0xF8, 0xFF,
    0x1F, 0xFC, 0xFF, 0x0F, 0x00, 0xE0, 0xFF, 0x7F, 0xF0, 0xFF, 0x1F, 0x00, 0x00, 0xFF, 0xFF, 0xC1,
    0xFF, 0x7F, 0x00, 0x00, 0xFC, 0xFF, 0x0F, 0xFF, 0xFF, 0x01, 0x00, 0xE0, 0xFF, 0x3F, 0xFC, 0xFF,
    0x07, 0x00, 0x80, 0xFF, 0xFF, 0xF0, 0xFF, 0x1F, 0x00, 0x00, 0xFE, 0xFF, 0xC3, 0xFF, 0x7F, 0x00,
    0x00, 0xF8, 0xFF, 0x0F, 0xFF, 0xFF, 0x01, 0x00, 0xE0, 0xFF, 0x3F, 0xFC, 0xFF, 0x07, 0x00, 0x80,
    0xFF, 0xFF, 0xF0, 0xFF, 0x1F, 0x00, 0x00, 0x00, 0x00, 0xC0, 0xFF, 0x7F, 0x00, 0x00, 0x00, 0x00,
    0x00, 0xFF, 0xFF, 0x03, 0x00, 0x00, 0x00, 0x00, 0xFC, 0xFF, 0x1F, 0x00, 0x00, 0x00, 0x00, 0xE0,
    0xFF, 0xFF, 0x00, 0x00, 0x00, 0x00, 0x80, 0xFF, 0xFF, 0x07, 0x00, 0x00, 0x00, 0x00, 0xFC, 0xFF,
    0x3F, 0x00, 0x00, 0x00, 0x00, 0xF0, 0xFF, 0xFF, 0x03, 0x00, 0x00, 0x00, 0x80, 0xFF, 0xFF, 0x3F,
    0x00, 0x00, 0x00, 0x00, 0xFE, 0xFF, 0xFF, 0x07, 0x00, 0x00, 0x00, 0xF0, 0xFF, 0xFF, 0x7F, 0x00,
    0x00, 0x00, 0x80, 0xFF, 0xFF, 0xFF, 0x0F, 0x00, 0x00, 0x00, 0xFC, 0xFF, 0xFF, 0xFF, 0x00, 0x00,
    0x00, 0xE0, 0xFF, 0xFF, 0xFF, 0x0F, 0x00, 0x00, 0x00, 0xFF, 0xFF, 0xFF, 0xFF, 0x00, 0x00, 0x00,
    0xF8, 0xFF, 0xFF, 0xFF, 0x0F, 0x00, 0x00, 0xC0, 0xFF, 0xFF, 0xFF, 0x7F, 0x00, 0x00, 0x00, 0xFC,
    0xFF, 0xFF, 0xFF, 0x07, 0x00, 0x00, 0xC0, 0xFF, 0xFF, 0xFF, 0x3F, 0x00, 0x00, 0x00, 0xFE, 0xFF,
    0xFF, 0xFF, 0x01, 0x00, 0x00, 0xC0, 0xFF, 0xFF, 0xFF, 0x0F, 0x00, 0x00, 0x00, 0xFC, 0xFF, 0xFF,
    0x7F, 0x00, 0x00, 0x00, 0xC0, 0xFF, 0xFF, 0xFF, 0x03, 0x00, 0x00, 0x00, 0xF8, 0xFF, 0xFF, 0x1F,
    0x00, 0x00, 0x00, 0x80, 0xFF, 0xFF, 0x7F, 0x00, 0x00, 0x00, 0x00, 0xF8, 0xFF, 0xFF, 0x03, 0x00,
    0x00, 0x00, 0x80, 0xFF, 0xFF, 0x0F, 0x00, 0x00, 0x00, 0x00, 0xF8, 0xFF, 0x7F, 0x00, 0x00, 0x00,
    0x00, 0xC0, 0xFF, 0xFF, 0x01, 0x00, 0x00, 0x00, 0x00, 0xFE, 0xFF, 0x07, 0x00, 0x00, 0x00, 0x00,
    0xF0, 0xFF, 0x3F, 0x00, 0x00, 0x00, 0x00, 0xC0, 0xFF, 0xFF, 0xFF, 0xFF, 0x01, 0x00, 0x00, 0xFE,
    0xFF, 0xFF, 0xFF, 0x07, 0x00, 0x00, 0xF8, 0xFF, 0xEF, 0xFF, 0x1F, 0x00, 0x00, 0xE0, 0xFF, 0xBF,
    0xFF, 0xFF, 0x00, 0x00, 0x80, 0xFF, 0xFF, 0xFE, 0xFF, 0x03, 0x00, 0x00, 0xFE, 0xFF, 0xFB, 0xFF,
    0x0F, 0x00, 0x00, 0xF8, 0xFF, 0xEF, 0xFF, 0x3F, 0x00, 0x00, 0xE0, 0xFF, 0xBF, 0xFF, 0xFF, 0x01,
    0x00, 0x80, 0xFF, 0xFF, 0xFE, 0xFF, 0x07, 0x00, 0x00, 0xFE, 0xFF, 0xF3, 0xFF, 0x3F, 0x00, 0x00,
    0xFC, 0xFF, 0xCF, 0xFF, 0xFF, 0x01, 0x00, 0xF8, 0xFF, 0x3F, 0xFF, 0xFF, 0x0F, 0x00, 0xF0, 0xFF,
    0x7F, 0xF8, 0xFF, 0x7F, 0x00, 0xE0, 0xFF, 0xFF, 0xE1, 0xFF, 0xFF, 0x0F, 0xF0, 0xFF, 0xFF, 0x07,
    0xFF, 0xFF, 0xFF, 0xFF, 0xFF, 0xFF, 0x0F, 0xFC, 0xFF, 0xFF, 0xFF, 0xFF, 0xFF, 0x3F, 0xE0, 0xFF,
    0xFF, 0xFF, 0xFF, 0xFF, 0x7F, 0x80, 0xFF, 0xFF, 0xFF, 0xFF, 0xFF, 0xFF, 0x01, 0xFC, 0xFF, 0xFF,
    0xFF, 0xFF, 0xFF, 0x03, 0xE0, 0xFF, 0xFF, 0xFF, 0xFF, 0xFF, 0x07, 0x00, 0xFF, 0xFF, 0xFF, 0xFF,
    0xFF, 0x0F, 0x00, 0xF8, 0xFF, 0xFF, 0xFF, 0xFF, 0x1F, 0x00, 0xC0, 0xFF, 0xFF, 0xFF, 0xFF, 0x3F,
    0x00, 0x00, 0xFC, 0xFF, 0xFF, 0xFF, 0x7F, 0x00, 0x00, 0xE0, 0xFF, 0xFF, 0xFF, 0x7F, 0x00, 0x00,
    0x00, 0xFE, 0xFF, 0xFF, 0x7F, 0x00, 0x00, 0x00, 0xC0, 0xFF, 0xFF, 0x3F, 0x00, 0x00, 0x00, 0x00,
    0xF0, 0xFF, 0x1F, 0x00, 0x00, 0x00, 0x00, 0x00, 0xFC, 0x07, 0x00, 0x00, 0x00, 0x00, 0x00, 0xF0,
    0x1F, 0x00, 0x00, 0x00, 0x00, 0x00, 0xC0, 0x7F, 0x00, 0x00, 0x00, 0x00, 0x00, 0x00, 0xFF, 0x01,
    0x00, 0x00, 0x00, 0x00, 0x00, 0xFC, 0x07, 0x00, 0x00, 0x00, 0x00, 0x00, 0xF0, 0x1F, 0x00, 0x00,
    0x00, 0x00, 0x00, 0xC0, 0x7F, 0x00, 0x00, 0x00, 0x00, 0x00, 0x00, 0xFF, 0x01, 0x00, 0x00, 0x00,
    0x00, 0x00, 0xFC, 0x07, 0x00, 0x00, 0x00, 0x00, 0x00, 0xF0, 0x1F, 0x00, 0x00, 0x00, 0x00, 0x00,
    0xC0, 0x7F, 0x00, 0x00, 0x00, 0x00, 0x00, 0x00, 0xFF, 0x01, 0x00, 0x00,
    // Unicode: [0x0025]
    0x00, 0xE0, 0x7F, 0x00, 0x00, 0x00, 0x00, 0x00, 0x00, 0x00, 0x00, 0xFF, 0xFF, 0x01, 0x00, 0x00,
    0x00, 0x00, 0x00, 0x00, 0xF0, 0xFF, 0xFF, 0x01, 0x00, 0x00, 0x00, 0x00, 0x00, 0x00, 0xFE, 0xFF,
    0xFF, 0x00, 0x00, 0x00, 0x00, 0x00, 0x00, 0xE0, 0xFF, 0xFF, 0x7F, 0x00, 0x00, 0x00, 0x00, 0x00,
    0x00, 0xFC, 0xFF, 0xFF, 0x3F, 0x00, 0x00, 0x00, 0x00, 0x00, 0x80, 0xFF, 0xFF, 0xFF, 0x1F, 0x00,
    0x00, 0x00, 0x00, 0x00, 0xE0, 0xFF, 0xFF, 0xFF, 0x0F, 0x00, 0x00, 0x00, 0x00, 0x00, 0xFC, 0xFF,
    0xFF, 0xFF, 0x07, 0x00, 0x00, 0x00, 0x00, 0x00, 0xFF, 0xFF, 0xFF, 0xFF, 0x01, 0x00, 0x20, 0x00,
    0x00, 0xE0, 0xFF, 0x07, 0xFE, 0xFF, 0x00, 0x00, 0x3C, 0x00, 0x00, 0xF8, 0xFF, 0x00, 0xFE, 0x3F,
    0x00, 0x00, 0x3F, 0x00, 0x00, 0xFF, 0x1F, 0x00, 0xFF, 0x0F, 0x00, 0xE0, 0x3F, 0x00, 0xC0, 0xFF,
    0x03, 0x80, 0xFF, 0x03, 0x00, 0xFC, 0x1F, 0x00, 0xF0, 0xFF, 0x00, 0xE0, 0xFF, 0x01, 0x00, 0xFF,
    0x07, 0x00, 0xFC, 0x1F, 0x00, 0xF8, 0x7F, 0x00, 0xE0, 0xFF, 0x00, 0x00, 0xFF, 0x07, 0x00, 0xFE,
    0x1F, 0x00, 0xF8, 0x3F, 0x00, 0xC0, 0xFF, 0x01, 0x00, 0xFF, 0x07, 0x00, 0xFF, 0x07, 0x00, 0xF0,
    0x7F, 0x00, 0xC0, 0xFF, 0x01, 0xE0, 0xFF, 0x00, 0x00, 0xFC, 0x1F, 0x00, 0xF0, 0x7F, 0x00, 0xF8,
    0x3F, 0x00, 0x00, 0xFF, 0x07, 0x00, 0xFC, 0x1F, 0x00, 0xFF, 0x07, 0x00, 0xC0, 0xFF, 0x01, 0x00,
    0xFF, 0x07, 0xE0, 0xFF, 0x01, 0x00, 0xF0, 0x7F, 0x00, 0xC0, 0xFF, 0x01, 0xF8, 0x3F, 0x00, 0x00,
    0xFC, 0x1F, 0x00, 0xF8, 0x7F, 0x00, 0xFF, 0x07, 0x00, 0x00, 0xFF, 0x07, 0x00, 0xFE, 0x1F, 0xC0,
    0xFF, 0x01, 0x00, 0xC0, 0xFF, 0x03, 0x80, 0xFF, 0x07, 0xF8, 0x3F, 0x00, 0x00, 0xF0, 0xFF, 0x00,
    0xE0, 0xFF, 0x00, 0xFF, 0x07, 0x00, 0x00, 0xFC, 0x7F, 0x00, 0xFC, 0x3F, 0xC0, 0xFF, 0x01, 0x00,
    0x00, 0xFE, 0x3F, 0x80, 0xFF, 0x0F, 0xF8, 0x3F, 0x00, 0x00, 0x80, 0xFF, 0x3F, 0xF8, 0xFF, 0x03,
    0xFF, 0x0F, 0x00, 0x00, 0xC0, 0xFF, 0xFF, 0xFF, 0x7F, 0xC0, 0xFF, 0x01, 0x00, 0x00, 0xF0, 0xFF,
    0xFF, 0xFF, 0x1F, 0xF8, 0x3F, 0x00, 0x00, 0x00, 0xF8, 0xFF, 0xFF, 0xFF, 0x03, 0xFE, 0x0F, 0x00,
    0x00, 0x00, 0xFE, 0xFF, 0xFF, 0x7F, 0xC0, 0xFF, 0x01, 0x00, 0x00, 0x00, 0xFF, 0xFF, 0xFF, 0x0F,
    0xF8, 0x3F, 0x00, 0x00, 0x00, 0x80, 0xFF, 0xFF, 0xFF, 0x01, 0xFE, 0x0F, 0x00, 0x00, 0x00, 0x80,
    0xFF, 0xFF, 0x3F, 0xC0, 0xFF, 0x01, 0x00, 0x00, 0x00, 0xC0, 0xFF, 0xFF, 0x07, 0xF0, 0x7F, 0x00,
    0x00, 0x00, 0x00, 0xC0, 0xFF, 0x7F, 0x00, 0xFE, 0x0F, 0x00, 0x00, 0x00, 0x00, 0x80, 0xFF, 0x03,
    0xC0, 0xFF, 0x01, 0x00, 0x00, 0x00, 0x00, 0x00, 0x00, 0x00, 0xF0, 0x7F, 0x00, 0x00, 0x00, 0x00,
    0x00, 0x00, 0x00, 0x00, 0xFE, 0x0F, 0x00, 0x00, 0x00, 0x00, 0x00, 0x00, 0x00, 0xC0, 0xFF, 0x03,
    0x00, 0x00, 0x00, 0x00, 0x00, 0x00, 0x00, 0xF0, 0x7F, 0x00, 0x00, 0x00, 0x00, 0x00, 0x00, 0x00,
    0x00, 0xFE, 0x0F, 0x00, 0x00, 0x00, 0x00, 0x00, 0x00, 0x00, 0x80, 0xFF, 0x03, 0x00, 0x00, 0x00,
    0x00, 0x00, 0x00, 0x00, 0xF0, 0x7F, 0x00, 0x00, 0x00, 0x00, 0x00, 0x00, 0x00, 0x00, 0xFE, 0x0F,
    0x00, 0x00, 0x00, 0x00, 0x00, 0x00, 0x00, 0x80, 0xFF, 0x03, 0xC0, 0xFF, 0x00, 0x00, 0x00, 0x00,
    0x00, 0xF0, 0x7F, 0x00, 0xFE, 0xFF, 0x01, 0x00, 0x00, 0x00, 0x00, 0xFC, 0x1F, 0xE0, 0xFF, 0xFF,
    0x01, 0x00, 0x00, 0x00, 0x80, 0xFF, 0x03, 0xFE, 0xFF, 0xFF, 0x01, 0x00, 0x00, 0x00, 0xF0, 0x7F,
    0xC0, 0xFF, 0xFF, 0xFF, 0x00, 0x00, 0x00, 0x00, 0xFC, 0x1F, 0xF8, 0xFF, 0xFF, 0x7F, 0x00, 0x00,
    0x00, 0x80, 0xFF, 0x03, 0xFF, 0xFF, 0xFF, 0x3F, 0x00, 0x00, 0x00, 0xF0, 0xFF, 0xC0, 0xFF, 0xFF,
    0xFF, 0x1F, 0x00, 0x00, 0x00, 0xFC, 0x1F, 0xF8, 0xFF, 0xFF, 0xFF, 0x07, 0x00, 0x00, 0x80, 0xFF,
    0x03, 0xFF, 0xFF, 0xFF, 0xFF, 0x03, 0x00, 0x00, 0xE0, 0xFF, 0xC0, 0xFF, 0x0F, 0xFC, 0xFF, 0x00,
    0x00, 0x00, 0xFC, 0x1F, 0xF0, 0xFF, 0x01, 0xFC, 0x7F, 0x00, 0x00, 0x80, 0xFF, 0x03, 0xFE, 0x3F,
    0x00, 0xFE, 0x1F, 0x00, 0x00, 0xE0, 0xFF, 0x80, 0xFF, 0x07, 0x80, 0xFF, 0x07, 0x00, 0x00, 0xFC,
    0x1F, 0xE0, 0xFF, 0x00, 0xC0, 0xFF, 0x01, 0x00, 0x00, 0xFF, 0x07, 0xF8, 0x3F, 0x00, 0xF0, 0xFF,
    0x00, 0x00, 0xE0, 0xFF, 0x00, 0xFE, 0x0F, 0x00, 0xFC, 0x3F, 0x00, 0x00, 0xFC, 0x1F, 0x80, 0xFF,
    0x03, 0x00, 0xFF, 0x0F, 0x00, 0x00, 0xFF, 0x07, 0xE0, 0xFF, 0x00, 0xC0, 0xFF, 0x03, 0x00, 0xE0,
    0xFF, 0x00, 0xF8, 0x3F, 0x00, 0xF0, 0xFF, 0x00, 0x00, 0xFC, 0x1F, 0x00, 0xFE, 0x0F, 0x00, 0xFC,
    0x3F, 0x00, 0x00, 0xFF, 0x07, 0x80, 0xFF, 0x03, 0x00, 0xFF, 0x0F, 0x00, 0xE0, 0xFF, 0x00, 0xE0,
    0xFF, 0x00, 0xC0, 0xFF, 0x03, 0x00, 0xF8, 0x3F, 0x00, 0xF8, 0x3F, 0x00, 0xF0, 0xFF, 0x00, 0x00,
    0xFF, 0x07, 0x00, 0xFE, 0x0F, 0x00, 0xFC, 0x3F, 0x00, 0xE0, 0xFF, 0x00, 0x80, 0xFF, 0x03, 0x00,
    0xFF, 0x07, 0x00, 0xF8, 0x3F, 0x00, 0xE0, 0xFF, 0x01, 0xC0, 0xFF, 0x01, 0x00, 0xFF, 0x07, 0x00,
    0xF8, 0xFF, 0x00, 0xF8, 0x7F, 0x00, 0xE0, 0xFF, 0x01, 0x00, 0xFC, 0x7F, 0x00, 0xFF, 0x1F, 0x00,
    0xE0, 0x3F, 0x00, 0x00, 0xFF, 0x7F, 0xF0, 0xFF, 0x03, 0x00, 0xE0, 0x07, 0x00, 0xC0, 0xFF, 0xFF,
    0xFF, 0xFF, 0x00, 0x00, 0xE0, 0x01, 0x00, 0xE0, 0xFF, 0xFF, 0xFF, 0x1F, 0x00, 0x00, 0x20, 0x00,
    0x00, 0xF0, 0xFF, 0xFF, 0xFF, 0x07, 0x00, 0x00, 0x00, 0x00, 0x00, 0xFC, 0xFF, 0xFF, 0xFF, 0x00,
    0x00, 0x00, 0x00, 0x00, 0x00, 0xFE, 0xFF, 0xFF, 0x1F, 0x00, 0x00, 0x00, 0x00, 0x00, 0x00, 0xFF,
    0xFF, 0xFF, 0x03, 0x00, 0x00, 0x00, 0x00, 0x00, 0x80, 0xFF, 0xFF, 0x7F, 0x00, 0x00, 0x00, 0x00,
    0x00, 0x00, 0x80, 0xFF, 0xFF, 0x0F, 0x00, 0x00, 0x00, 0x00, 0x00, 0x00, 0x80, 0xFF, 0xFF, 0x00,
    0x00, 0x00, 0x00, 0x00, 0x00, 0x00, 0x00, 0xFF, 0x03, 0x00,
    // Unicode: [0x0026]
    0x00, 0x00, 0x00, 0xFE, 0x0F, 0x00, 0x00, 0x00, 0x00, 0x00, 0x00, 0xC0, 0xFF, 0xFF, 0x01, 0x00,
    0x00, 0x00, 0x00, 0x00, 0xE0, 0xFF, 0xFF, 0x0F, 0x00, 0x00, 0x00, 0x00, 0x00, 0xF0, 0xFF, 0xFF,
    0x7F, 0x00, 0x00, 0x00, 0x00, 0x00, 0xF0, 0xFF, 0xFF, 0xFF, 0x01, 0x00, 0x00, 0x00, 0x00, 0xF0,
    0xFF, 0xFF, 0xFF, 0x07, 0x00, 0x00, 0x00, 0x00, 0xF0, 0xFF, 0xFF, 0xFF, 0x1F, 0x00, 0x00, 0x00,
    0x00, 0xF0, 0xFF, 0xFF, 0xFF, 0x7F, 0x00, 0x00, 0x00, 0x00, 0xF0, 0xFF, 0xFF, 0xFF, 0xFF, 0x01,
    0x00, 0x00, 0x00, 0xF0, 0xFF, 0xFF, 0xFF, 0xFF, 0x07, 0x00, 0x00, 0x00, 0xE0, 0xFF, 0xFF, 0xFF,
    0xFF, 0x0F, 0x00, 0x00, 0x00, 0xE0, 0xFF, 0xFF, 0xFF, 0xFF, 0x3F, 0x00, 0x00, 0x00, 0xE0, 0xFF,
    0xFF, 0xFF, 0xFF, 0x7F, 0x00, 0x00, 0x00, 0xC0, 0xFF, 0xFF, 0xFF, 0xFF, 0xFF, 0x01, 0x00, 0x00,
    0x80, 0xFF, 0xFF, 0x03, 0xFF, 0xFF, 0x03, 0x00, 0x00, 0x80, 0xFF, 0xFF, 0x01, 0xF8, 0xFF, 0x07,
    0x00, 0x00, 0x00, 0xFF, 0xFF, 0x01, 0xE0, 0xFF, 0x0F, 0x00, 0x00, 0x00, 0xFE, 0xFF, 0x01, 0x80,
    0xFF, 0x3F, 0x00, 0x00, 0x00, 0xFC, 0xFF, 0x03, 0x00, 0xFF, 0x7F, 0x00, 0x00, 0x00, 0xF8, 0xFF,
    0x03, 0x00, 0xFE, 0xFF, 0x00, 0x00, 0x00, 0xF0, 0xFF, 0x07, 0x00, 0xF8, 0xFF, 0x01, 0x00, 0x00,
    0xE0, 0xFF, 0x0F, 0x00, 0xF0, 0xFF, 0x03, 0x00, 0x00, 0xC0, 0xFF, 0x1F, 0x00, 0xF0, 0xFF, 0x03,
    0x00, 0x00, 0x80, 0xFF, 0x3F, 0x00, 0xE0, 0xFF, 0x07, 0x00, 0x00, 0x00, 0xFF, 0x7F, 0x00, 0xC0,
    0xFF, 0x0F, 0x00, 0x00, 0x00, 0xFE, 0xFF, 0x00, 0xC0, 0xFF, 0x1F, 0x00, 0x00, 0x00, 0xFC, 0xFF,
    0x03, 0x80, 0xFF, 0x1F, 0x00, 0x00, 0x00, 0xF8, 0xFF, 0x07, 0x80, 0xFF, 0x3F, 0x00, 0x00, 0x00,
    0xE0, 0xFF, 0x1F, 0x80, 0xFF, 0x7F, 0x00, 0x00, 0x00, 0xC0, 0xFF, 0x3F, 0xC0, 0xFF, 0x7F, 0x00,
    0x00, 0x00, 0x80, 0xFF, 0xFF, 0xC0, 0xFF, 0x7F, 0x00, 0x00, 0x00, 0x00, 0xFE, 0xFF, 0xE3, 0xFF,
    0xFF, 0x00, 0x00, 0x00, 0x00, 0xFC, 0xFF, 0xE7, 0xFF, 0xFF, 0x00, 0x00, 0x00, 0x00, 0xF0, 0xFF,
    0xFF, 0xFF, 0xFF, 0x00, 0x00, 0x00, 0x00, 0xE0, 0xFF, 0xFF, 0xFF, 0xFF, 0x00, 0x00, 0x00, 0x00,
    0x80, 0xFF, 0xFF, 0xFF, 0xFF, 0x00, 0x00, 0x00, 0x00, 0x00, 0xFE, 0xFF, 0xFF, 0xFF, 0x00, 0x00,
    0x00, 0x00, 0x00, 0xFC, 0xFF, 0xFF, 0xFF, 0x00, 0x00, 0x00, 0x00, 0x00, 0xF0, 0xFF, 0xFF, 0x7F,
    0x00, 0x00, 0x00, 0x00, 0x00, 0xC0, 0xFF, 0xFF, 0x7F, 0x00, 0x00, 0x00, 0x00, 0x00, 0x80, 0xFF,
    0xFF, 0x3F, 0x00, 0x00, 0x00, 0x00, 0x00, 0x00, 0xFF, 0xFF, 0x3F, 0x00, 0x00, 0x00, 0x00, 0x00,
    0x00, 0xFF, 0xFF, 0x3F, 0x00, 0x00, 0x00, 0x00, 0x00, 0x80, 0xFF, 0xFF, 0xFF, 0x00, 0x00, 0x00,
    0x00, 0x00, 0x80, 0xFF, 0xFF, 0xFF, 0x03, 0x00, 0xFC, 0xFF, 0x00, 0x80, 0xFF, 0xFF, 0xFF, 0x0F,
    0x00, 0xF8, 0xFF, 0x01, 0x80, 0xFF, 0xFF, 0xFF, 0x1F, 0x00, 0xF0, 0xFF, 0x03, 0x80, 0xFF, 0xFF,
    0xFF, 0x7F, 0x00, 0xE0, 0xFF, 0x07, 0x80, 0xFF, 0xFF, 0xFF, 0xFF, 0x01, 0xC0, 0xFF, 0x0F, 0x80,
    0xFF, 0xFF, 0xFF, 0xFF, 0x07, 0x80, 0xFF, 0x1F, 0x80, 0xFF, 0xFF, 0xFF, 0xFF, 0x1F, 0x80, 0xFF,
    0x3F, 0x80, 0xFF, 0xFF, 0xFB, 0xFF, 0x7F, 0x00, 0xFF, 0x7F, 0x80, 0xFF, 0xFF, 0xE3, 0xFF, 0xFF,
    0x01, 0xFE, 0xFF, 0x00, 0xFF, 0xFF, 0x83, 0xFF, 0xFF, 0x03, 0xFC, 0xFF, 0x01, 0xFF, 0xFF, 0x03,
    0xFE, 0xFF, 0x0F, 0xFC, 0xFF, 0x03, 0xFE, 0xFF, 0x03, 0xF8, 0xFF, 0x3F, 0xF8, 0xFF, 0x03, 0xFE,
    0xFF, 0x07, 0xE0, 0xFF, 0xFF, 0xF0, 0xFF, 0x07, 0xFC, 0xFF, 0x07, 0x80, 0xFF, 0xFF, 0xF3, 0xFF,
    0x0F, 0xF8, 0xFF, 0x0F, 0x00, 0xFF, 0xFF, 0xEF, 0xFF, 0x1F, 0xF0, 0xFF, 0x1F, 0x00, 0xFC, 0xFF,
    0xFF, 0xFF, 0x1F, 0xF0, 0xFF, 0x1F, 0x00, 0xF0, 0xFF, 0xFF, 0xFF, 0x3F, 0xE0, 0xFF, 0x3F, 0x00,
    0xC0, 0xFF, 0xFF, 0xFF, 0x7F, 0xC0, 0xFF, 0x7F, 0x00, 0x00, 0xFF, 0xFF, 0xFF, 0x7F, 0x80, 0xFF,
    0xFF, 0x00, 0x00, 0xFC, 0xFF, 0xFF, 0xFF, 0x00, 0xFF, 0xFF, 0x03, 0x00, 0xF0, 0xFF, 0xFF, 0xFF,
    0x01, 0xFE, 0xFF, 0x07, 0x00, 0xC0, 0xFF, 0xFF, 0xFF, 0x01, 0xFC, 0xFF, 0x0F, 0x00, 0x00, 0xFF,
    0xFF, 0xFF, 0x03, 0xF0, 0xFF, 0x3F, 0x00, 0x00, 0xFC, 0xFF, 0xFF, 0x03, 0xE0, 0xFF, 0x7F, 0x00,
    0x00, 0xF8, 0xFF, 0xFF, 0x07, 0xC0, 0xFF, 0xFF, 0x01, 0x00, 0xE0, 0xFF, 0xFF, 0x07, 0x80, 0xFF,
    0xFF, 0x07, 0x00, 0xE0, 0xFF, 0xFF, 0x07, 0x00, 0xFE, 0xFF, 0x3F, 0x00, 0xF0, 0xFF, 0xFF, 0x0F,
    0x00, 0xFC, 0xFF, 0xFF, 0x01, 0xFC, 0xFF, 0xFF, 0x3F, 0x00, 0xF8, 0xFF, 0xFF, 0xFF, 0xFF, 0xFF,
    0xFF, 0xFF, 0x00, 0xE0, 0xFF, 0xFF, 0xFF, 0xFF, 0xFF, 0xFF, 0xFF, 0x03, 0x80, 0xFF, 0xFF, 0xFF,
    0xFF, 0xFF, 0xFF, 0xFF, 0x07, 0x00, 0xFF, 0xFF, 0xFF, 0xFF, 0xFF, 0xFF, 0xFF, 0x1F, 0x00, 0xFC,
    0xFF, 0xFF, 0xFF, 0xFF, 0xFF, 0xFF, 0x7F, 0x00, 0xF0, 0xFF, 0xFF, 0xFF, 0xFF, 0xFF, 0xFF, 0xFF,
    0x01, 0xC0, 0xFF, 0xFF, 0xFF, 0xFF, 0xFF, 0xFF, 0xFF, 0x07, 0x00, 0xFF, 0xFF, 0xFF, 0xFF, 0xFF,
    0xFF, 0xFF, 0x1F, 0x00, 0xFC, 0xFF, 0xFF, 0xFF, 0xFF, 0xFB, 0xFF, 0x7F, 0x00, 0xE0, 0xFF, 0xFF,
    0xFF, 0xFF, 0xE1, 0xFF, 0xFF, 0x00, 0x80, 0xFF, 0xFF, 0xFF, 0xFF, 0x80, 0xFF, 0xFF, 0x03, 0x00,
    0xFC, 0xFF, 0xFF, 0x7F, 0x00, 0xFE, 0xFF, 0x0F, 0x00, 0xC0, 0xFF, 0xFF, 0x1F, 0x00, 0xF8, 0xFF,
    0x3F, 0x00, 0x00, 0xF0, 0xFF, 0x01, 0x00, 0x00, 0x00, 0x00,
    // Unicode: [0x0027]
    0xFF, 0xFF, 0xFF, 0xFF, 0xFF, 0xFF, 0xFF, 0xFF, 0xFF, 0xFF, 0xFF, 0xFF, 0xFF, 0xFF, 0xFF, 0xFF,
    0xFF, 0xFF, 0xFF, 0xFF, 0xFF, 0xFF, 0xDF, 0xFF, 0xFB, 0x7F, 0xFF, 0xEF, 0xFF, 0xFD, 0xBF, 0xFF,
    0xF7, 0xFF, 0xFE, 0xDF, 0xFF, 0xFB, 0x7F, 0xFF, 0xEF, 0xFF, 0xFD, 0xBF, 0xFF, 0xF3, 0x7F, 0xFE,
    0xCF, 0xFF, 0xF9, 0x3F,
    // Unicode: [0x0028]
    0x00, 0x00, 0x00, 0x30, 0x00, 0x00, 0x00, 0x70, 0x00, 0x00, 0x00, 0xF8, 0x00, 0x00, 0x00, 0xF8,
    0x03, 0x00, 0x00, 0xFC, 0x07, 0x00, 0x00, 0xFC, 0x0F, 0x00, 0x00, 0xFC, 0x3F, 0x00, 0x00, 0xFC,
    0x7F, 0x00, 0x00, 0xFC, 0xFF, 0x00, 0x00, 0xFC, 0xFF, 0x03, 0x00, 0xFC, 0xFF, 0x01, 0x00, 0xF8,
    0xFF, 0x01, 0x00, 0xF8, 0xFF, 0x01, 0x00, 0xF8, 0xFF, 0x01, 0x00, 0xF8, 0xFF, 0x01, 0x00, 0xF0,
    0xFF, 0x01, 0x00, 0xF0, 0xFF, 0x03, 0x00, 0xF0, 0xFF, 0x03, 0x00, 0xE0, 0xFF, 0x03, 0x00, 0xE0,
    0xFF, 0x07, 0x00, 0xC0, 0xFF, 0x07, 0x00, 0xC0, 0xFF, 0x0F, 0x00, 0x80, 0xFF, 0x0F, 0x00, 0x80,
    0xFF, 0x1F, 0x00, 0x00, 0xFF, 0x1F, 0x00, 0x00, 0xFF, 0x3F, 0x00, 0x00, 0xFE, 0x3F, 0x00, 0x00,
    0xFE, 0x7F, 0x00, 0x00, 0xFC, 0x7F, 0x00, 0x00, 0xFC, 0xFF, 0x00, 0x00, 0xF8, 0xFF, 0x01, 0x00,
    0xF0, 0xFF, 0x03, 0x00, 0xF0, 0xFF, 0x03, 0x00, 0xE0, 0xFF, 0x07, 0x00, 0xC0, 0xFF, 0x0F, 0x00,
    0x80, 0xFF, 0x0F, 0x00, 0x80, 0xFF, 0x1F, 0x00, 0x00, 0xFF, 0x3F, 0x00, 0x00, 0xFE, 0x7F, 0x00,
    0x00, 0xFE, 0x7F, 0x00, 0x00, 0xFC, 0xFF, 0x00, 0x00, 0xF8, 0xFF, 0x01, 0x00, 0xF0, 0xFF, 0x03,
    0x00, 0xE0, 0xFF, 0x07, 0x00, 0xE0, 0xFF, 0x0F, 0x00, 0xC0, 0xFF, 0x0F, 0x00, 0x80, 0xFF, 0x1F,
    0x00, 0x00, 0xFF, 0x3F, 0x00, 0x00, 0xFE, 0x7F, 0x00, 0x00, 0xFC, 0xFF, 0x00, 0x00, 0xF8, 0xFF,
    0x01, 0x00, 0xF0, 0xFF, 0x03, 0x00, 0xF0, 0xFF, 0x07, 0x00, 0xE0, 0xFF, 0x0F, 0x00, 0xC0, 0xFF,
    0x1F, 0x00, 0x80, 0xFF, 0x3F, 0x00, 0x00, 0xFF, 0x7F, 0x00, 0x00, 0xFE, 0xFF, 0x00, 0x00, 0xFC,
    0xFF, 0x01, 0x00, 0xF8, 0xFF, 0x03, 0x00, 0xF0, 0xFF, 0x07, 0x00, 0xE0, 0xFF, 0x0F, 0x00, 0xC0,
    0xFF, 0x1F, 0x00, 0x80, 0xFF, 0x3F, 0x00, 0x00, 0xFF, 0x7F, 0x00, 0x00, 0xFE, 0xFF, 0x00, 0x00,
    0xFC, 0xFF, 0x01, 0x00, 0xF8, 0xFF, 0x03, 0x00, 0xF0, 0xFF, 0x07, 0x00, 0xE0, 0xFF, 0x0F, 0x00,
    0x80, 0xFF, 0x1F, 0x00, 0x00, 0xFF, 0x3F, 0x00, 0x00, 0xFE, 0x7F, 0x00, 0x00, 0xFC, 0xFF, 0x00,
    0x00, 0xF8, 0xFF, 0x01, 0x00, 0xF0, 0xFF, 0x03, 0x00, 0xE0, 0xFF, 0x07, 0x00, 0xC0, 0xFF, 0x1F,
    0x00, 0x00, 0xFF, 0x3F, 0x00, 0x00, 0xFE, 0x7F, 0x00, 0x00, 0xFC, 0xFF, 0x00, 0x00, 0xF8, 0xFF,
    0x01, 0x00, 0xF0, 0xFF, 0x03, 0x00, 0xC0, 0xFF, 0x0F, 0x00, 0x80, 0xFF, 0x1F, 0x00, 0x00, 0xFF,
    0x3F, 0x00, 0x00, 0xFC, 0x7F, 0x00, 0x00, 0xF8, 0xFF, 0x01, 0x00, 0xF0, 0xFF, 0x03, 0x00, 0xE0,
    0xFF, 0x07, 0x00, 0x80, 0xFF, 0x0F, 0x00, 0x00, 0xFF, 0x3F, 0x00, 0x00, 0xFE, 0x7F, 0x00, 0x00,
    0xF8, 0xFF, 0x00, 0x00, 0xF0, 0xFF, 0x03, 0x00, 0xC0, 0xFF, 0x07, 0x00, 0x80, 0xFF, 0x1F, 0x00,
    0x00, 0xFE, 0x3F, 0x00, 0x00, 0xFC, 0xFF, 0x00, 0x00, 0xF8, 0xFF, 0x01, 0x00, 0xE0, 0xFF, 0x07,
    0x00, 0x80, 0xFF, 0x0F, 0x00, 0x00, 0xFF, 0x3F, 0x00, 0x00, 0xFC, 0x7F, 0x00, 0x00, 0xF8, 0xFF,
    0x01, 0x00, 0xE0, 0xFF, 0x07, 0x00, 0x80, 0xFF, 0x0F, 0x00, 0x00, 0xFF, 0x3F, 0x00, 0x00, 0xFC,
    0xFF, 0x00, 0x00, 0xF0, 0xFF, 0x03, 0x00, 0xE0, 0xFF, 0x0F, 0x00, 0x80, 0xFF, 0x3F, 0x00, 0x00,
    0xFE, 0xFF, 0x00, 0x00, 0xF8, 0xFF, 0x03, 0x00, 0xE0, 0xFF, 0x03, 0x00, 0x80, 0xFF, 0x07, 0x00,
    0x00, 0xFE, 0x07, 0x00, 0x00, 0xF8, 0x0F, 0x00, 0x00, 0xC0, 0x1F, 0x00, 0x00, 0x00, 0x1F, 0x00,
    0x00, 0x00, 0x38, 0x00, 0x00, 0x00, 0x60, 0x00,
    // Unicode: [0x0029]
    0x18, 0x00, 0x00, 0x00, 0xE0, 0x00, 0x00, 0x00, 0x80, 0x0F, 0x00, 0x00, 0x00, 0x7F, 0x00, 0x00,
    0x00, 0xFC, 0x07, 0x00, 0x00, 0xF8, 0x3F, 0x00, 0x00, 0xE0, 0xFF, 0x01, 0x00, 0x80, 0xFF, 0x0F,
    0x00, 0x00, 0xFF, 0x7F, 0x00, 0x00, 0xF8, 0xFF, 0x03, 0x00, 0xC0, 0xFF, 0x1F, 0x00, 0x00, 0xFE,
    0xFF, 0x00, 0x00, 0xF0, 0xFF, 0x03, 0x00, 0x80, 0xFF, 0x1F, 0x00, 0x00, 0xFC, 0xFF, 0x00, 0x00,
    0xF0, 0xFF, 0x07, 0x00, 0x80, 0xFF, 0x1F, 0x00, 0x00, 0xFC, 0xFF, 0x00, 0x00, 0xF0, 0xFF, 0x07,
    0x00, 0x80, 0xFF, 0x1F, 0x00, 0x00, 0xFC, 0xFF, 0x00, 0x00, 0xF0, 0xFF, 0x03, 0x00, 0x80, 0xFF,
    0x1F, 0x00, 0x00, 0xFE, 0x7F, 0x00, 0x00, 0xF0, 0xFF, 0x03, 0x00, 0xC0, 0xFF, 0x0F, 0x00, 0x00,
    0xFF, 0x7F, 0x00, 0x00, 0xF8, 0xFF, 0x01, 0x00, 0xE0, 0xFF, 0x0F, 0x00, 0x00, 0xFF, 0x3F, 0x00,
    0x00, 0xFC, 0xFF, 0x00, 0x00, 0xF0, 0xFF, 0x07, 0x00, 0x80, 0xFF, 0x1F, 0x00, 0x00, 0xFE, 0x7F,
    0x00, 0x00, 0xF8, 0xFF, 0x03, 0x00, 0xE0, 0xFF, 0x0F, 0x00, 0x00, 0xFF, 0x3F, 0x00, 0x00, 0xFC,
    0xFF, 0x01, 0x00, 0xF0, 0xFF, 0x07, 0x00, 0xC0, 0xFF, 0x1F, 0x00, 0x00, 0xFE, 0x7F, 0x00, 0x00,
    0xF8, 0xFF, 0x03, 0x00, 0xE0, 0xFF, 0x0F, 0x00, 0x80, 0xFF, 0x3F, 0x00, 0x00, 0xFE, 0xFF, 0x00,
    0x00, 0xF8, 0xFF, 0x03, 0x00, 0xE0, 0xFF, 0x0F, 0x00, 0x00, 0xFF, 0x7F, 0x00, 0x00, 0xFC, 0xFF,
    0x01, 0x00, 0xF0, 0xFF, 0x07, 0x00, 0xC0, 0xFF, 0x1F, 0x00, 0x00, 0xFF, 0x7F, 0x00, 0x00, 0xFC,
    0xFF, 0x01, 0x00, 0xF0, 0xFF, 0x07, 0x00, 0xC0, 0xFF, 0x1F, 0x00, 0x00, 0xFF, 0x7F, 0x00, 0x00,
    0xFC, 0xFF, 0x01, 0x00, 0xF0, 0xFF, 0x07, 0x00, 0xC0, 0xFF, 0x3F, 0x00, 0x00, 0xFF, 0xFF, 0x00,
    0x00, 0xFC, 0xFF, 0x03, 0x00, 0xF0, 0xFF, 0x0F, 0x00, 0xC0, 0xFF, 0x3F, 0x00, 0x00, 0xFF, 0xFF,
    0x00, 0x00, 0xFC, 0xFF, 0x01, 0x00, 0xF0, 0xFF, 0x07, 0x00, 0xC0, 0xFF, 0x1F, 0x00, 0x00, 0xFF,
    0x7F, 0x00, 0x00, 0xFC, 0xFF, 0x01, 0x00, 0xF0, 0xFF, 0x07, 0x00, 0xC0, 0xFF, 0x1F, 0x00, 0x00,
    0xFF, 0x7F, 0x00, 0x00, 0xFC, 0xFF, 0x01, 0x00, 0xF0, 0xFF, 0x07, 0x00, 0xC0, 0xFF, 0x1F, 0x00,
    0x80, 0xFF, 0x3F, 0x00, 0x00, 0xFE, 0xFF, 0x00, 0x00, 0xF8, 0xFF, 0x03, 0x00, 0xE0, 0xFF, 0x0F,
    0x00, 0x80, 0xFF, 0x3F, 0x00, 0x00, 0xFE, 0xFF, 0x00, 0x00, 0xF8, 0xFF, 0x01, 0x00, 0xF0, 0xFF,
    0x07, 0x00, 0xC0, 0xFF, 0x1F, 0x00, 0x00, 0xFF, 0x7F, 0x00, 0x00, 0xFC, 0xFF, 0x00, 0x00, 0xF8,
    0xFF, 0x03, 0x00, 0xE0, 0xFF, 0x0F, 0x00, 0x80, 0xFF, 0x1F, 0x00, 0x00, 0xFE, 0x7F, 0x00, 0x00,
    0xFC, 0xFF, 0x01, 0x00, 0xF0, 0xFF, 0x03, 0x00, 0xC0, 0xFF, 0x0F, 0x00, 0x80, 0xFF, 0x3F, 0x00,
    0x00, 0xFE, 0x7F, 0x00, 0x00, 0xF8, 0xFF, 0x01, 0x00, 0xF0, 0xFF, 0x03, 0x00, 0xC0, 0xFF, 0x0F,
    0x00, 0x80, 0xFF, 0x1F, 0x00, 0x00, 0xFE, 0x7F, 0x00, 0x00, 0xFC, 0xFF, 0x00, 0x00, 0xF0, 0xFF,
    0x03, 0x00, 0xE0, 0xFF, 0x07, 0x00, 0x80, 0xFF, 0x0F, 0x00, 0x00, 0xFF, 0x3F, 0x00, 0x00, 0xFE,
    0x7F, 0x00, 0x00, 0xF8, 0xFF, 0x01, 0x00, 0xF0, 0xFF, 0x03, 0x00, 0xE0, 0xFF, 0x07, 0x00, 0xC0,
    0xFF, 0x0F, 0x00, 0x80, 0xFF, 0x3F, 0x00, 0x00, 0xFF, 0x7F, 0x00, 0x00, 0xFE, 0xFF, 0x00, 0x00,
    0xFC, 0xFF, 0x01, 0x00, 0xE0, 0xFF, 0x03, 0x00, 0x80, 0xFF, 0x07, 0x00, 0x00, 0xFE, 0x0F, 0x00,
    0x00, 0xF0, 0x1F, 0x00, 0x00, 0xC0, 0x1F, 0x00, 0x00, 0x00, 0x3E, 0x00, 0x00, 0x00, 0x38, 0x00,
    0x00, 0x00, 0x60, 0x00, 0x00, 0x00, 0x00,
    // Unicode: [0x002A]
    0x00, 0x00, 0xF0, 0xFF, 0x00, 0x00, 0x00, 0x00, 0x00, 0xFF, 0x0F, 0x00, 0x00, 0x00, 0x00, 0xF0,
    0x7F, 0x00, 0x00, 0x00, 0x00, 0x00, 0xFF, 0x07, 0x00, 0x00, 0x00, 0x00, 0xF0, 0x7F, 0x00, 0x00,
    0x00, 0x00, 0x00, 0xFF, 0x07, 0x00, 0x00, 0x00, 0x00, 0xF0, 0x7F, 0x00, 0x00, 0x00, 0x00, 0x00,
    0xFE, 0x07, 0x00, 0x00, 0x00, 0x00, 0xE0, 0x7F, 0x00, 0x00, 0x00, 0x00, 0x00, 0xFE, 0x07, 0x00,
    0x00, 0x00, 0x00, 0xE0, 0x7F, 0x00, 0x00, 0x00, 0x00, 0x00, 0xFE, 0x07, 0x00, 0x00, 0x00, 0x00,
    0xE0, 0x7F, 0x00, 0x00, 0x80, 0x01, 0x00, 0xFE, 0x07, 0x00, 0x00, 0x78, 0x00, 0xE0, 0x7F, 0x00,
    0xC0, 0xC0, 0x3F, 0x00, 0xFE, 0x07, 0x80, 0x1F, 0xFC, 0x0F, 0xE0, 0x7F, 0x00, 0xFE, 0xC1, 0xFF,
    0x07, 0xFE, 0x07, 0xF8, 0x1F, 0xFE, 0xFF, 0xE1, 0x7F, 0xF0, 0xFF, 0xE3, 0xFF, 0xFF, 0xFE, 0xC3,
    0xFF, 0x3F, 0xFE, 0xFF, 0xFF, 0xBF, 0xFF, 0xFF, 0xF3, 0xFF, 0xFF, 0xFF, 0xFF, 0xFF, 0x7F, 0xFF,
    0xFF, 0xFF, 0xFF, 0xFF, 0xFF, 0xF7, 0xFF, 0xFF, 0xFF, 0xFF, 0xFF, 0x7F, 0xF0, 0xFF, 0xFF, 0xFF,
    0xFF, 0xFF, 0x0F, 0xF8, 0xFF, 0xFF, 0xFF, 0xFF, 0x07, 0x00, 0xF8, 0xFF, 0xFF, 0xFF, 0x0F, 0x00,
    0x00, 0xFC, 0xFF, 0xFF, 0x0F, 0x00, 0x00, 0x00, 0xFC, 0xFF, 0x0F, 0x00, 0x00, 0x00, 0xE0, 0xFF,
    0x1F, 0x00, 0x00, 0x00, 0x00, 0xFF, 0xFF, 0x03, 0x00, 0x00, 0x00, 0xF0, 0xFF, 0x3F, 0x00, 0x00,
    0x00, 0x80, 0xFF, 0xFF, 0x07, 0x00, 0x00, 0x00, 0xFC, 0xFF, 0xFF, 0x00, 0x00, 0x00, 0xE0, 0xFF,
    0xFF, 0x1F, 0x00, 0x00, 0x00, 0xFE, 0xDF, 0xFF, 0x03, 0x00, 0x00, 0xF0, 0xFF, 0xFC, 0x3F, 0x00,
    0x00, 0x80, 0xFF, 0x87, 0xFF, 0x07, 0x00, 0x00, 0xFC, 0x7F, 0xF0, 0xFF, 0x00, 0x00, 0xE0, 0xFF,
    0x03, 0xFF, 0x1F, 0x00, 0x00, 0xFE, 0x1F, 0xE0, 0xFF, 0x03, 0x00, 0xF0, 0xFF, 0x01, 0xFE, 0x3F,
    0x00, 0x80, 0xFF, 0x0F, 0xC0, 0xFF, 0x07, 0x00, 0xFC, 0xFF, 0x00, 0xF8, 0xFF, 0x00, 0xC0, 0xFF,
    0x07, 0x80, 0xFF, 0x1F, 0x00, 0xFE, 0x3F, 0x00, 0xF0, 0xFF, 0x01, 0x00, 0xFF, 0x03, 0x00, 0xFE,
    0x07, 0x00, 0xE0, 0x1F, 0x00, 0xE0, 0x3F, 0x00, 0x00, 0xF8, 0x00, 0x00, 0xFC, 0x00, 0x00, 0x00,
    0x0F, 0x00, 0xC0, 0x07, 0x00, 0x00, 0x40, 0x00, 0x00, 0x38, 0x00, 0x00, 0x00, 0x00, 0x00, 0x80,
    0x00, 0x00,
    // Unicode: [0x002B]
    0x00, 0x00, 0xC0, 0xFF, 0x3F, 0x00, 0x00, 0x00, 0x00, 0x00, 0xFE, 0xFF, 0x01, 0x00, 0x00, 0x00,
    0x00, 0xF0, 0xFF, 0x0F, 0x00, 0x00, 0x00, 0x00, 0x80, 0xFF, 0x7F, 0x00, 0x00, 0x00, 0x00, 0x00,
    0xFC, 0xFF, 0x03, 0x00, 0x00, 0x00, 0x00, 0xE0, 0xFF, 0x1F, 0x00, 0x00, 0x00, 0x00, 0x00, 0xFF,
    0xFF, 0x00, 0x00, 0x00, 0x00, 0x00, 0xF8, 0xFF, 0x07, 0x00, 0x00, 0x00, 0x00, 0xC0, 0xFF, 0x3F,
    0x00, 0x00, 0x00, 0x00, 0x00, 0xFE, 0xFF, 0x01, 0x00, 0x00, 0x00, 0x00, 0xF0, 0xFF, 0x0F, 0x00,
    0x00, 0x00, 0x00, 0x80, 0xFF, 0x7F, 0x00, 0x00, 0x00, 0x00, 0x00, 0xFC, 0xFF, 0x03, 0x00, 0x00,
    0x00, 0x00, 0xE0, 0xFF, 0x1F, 0x00, 0x00, 0x00, 0x00, 0x00, 0xFF, 0xFF, 0x00, 0x00, 0x00, 0x00,
    0x00, 0xF8, 0xFF, 0x07, 0x00, 0x00, 0x00, 0x00, 0xC0, 0xFF, 0x3F, 0x00, 0x00, 0x00, 0x00, 0x00,
    0xFE, 0xFF, 0x01, 0x00, 0x00, 0x00, 0x00, 0xF0, 0xFF, 0x0F, 0x00, 0x00, 0x00, 0x00, 0x80, 0xFF,
    0x7F, 0x00, 0x00, 0x00, 0x00, 0x00, 0xFC, 0xFF, 0x03, 0x00, 0x00, 0x00, 0x00, 0xE0, 0xFF, 0x1F,
    0x00, 0x00, 0x00, 0x00, 0x00, 0xFF, 0xFF, 0x00, 0x00, 0xE0, 0xFF, 0xFF, 0xFF, 0xFF, 0xFF, 0xFF,
    0xFF, 0xFF, 0xFF, 0xFF, 0xFF, 0xFF, 0xFF, 0xFF, 0xFF, 0xFF, 0xFF, 0xFF, 0xFF, 0xFF, 0xFF, 0xFF,
    0xFF, 0xFF, 0xFF, 0xFF, 0xFF, 0xFF, 0xFF, 0xFF, 0xFF, 0xFF, 0xFF, 0xFF, 0xFF, 0xFF, 0xFF, 0xFF,
    0xFF, 0xFF, 0xFF, 0xFF, 0xFF, 0xFF, 0xFF, 0xFF, 0xFF, 0xFF, 0xFF, 0xFF, 0xFF, 0xFF, 0xFF, 0xFF,
    0xFF, 0xFF, 0xFF, 0xFF, 0xFF, 0xFF, 0xFF, 0xFF, 0xFF, 0xFF, 0xFF, 0xFF, 0xFF, 0xFF, 0xFF, 0xFF,
    0xFF, 0xFF, 0xFF, 0xFF, 0xFF, 0xFF, 0xFF, 0xFF, 0xFF, 0xFF, 0xFF, 0xFF, 0xFF, 0xFF, 0xFF, 0xFF,
    0xFF, 0xFF, 0xFF, 0xFF, 0xFF, 0xFF, 0xFF, 0xFF, 0xFF, 0xFF, 0xFF, 0xFF, 0xFF, 0xFF, 0xFF, 0xFF,
    0xFF, 0xFF, 0xFF, 0xFF, 0xFF, 0xFF, 0xFF, 0xFF, 0x03, 0x00, 0x00, 0xFF, 0xFF, 0x00, 0x00, 0x00,
    0x00, 0x00, 0xF8, 0xFF, 0x07, 0x00, 0x00, 0x00, 0x00, 0xC0, 0xFF, 0x3F, 0x00, 0x00, 0x00, 0x00,
    0x00, 0xFE, 0xFF, 0x01, 0x00, 0x00, 0x00, 0x00, 0xF0, 0xFF, 0x0F, 0x00, 0x00, 0x00, 0x00, 0x80,
    0xFF, 0x7F, 0x00, 0x00, 0x00, 0x00, 0x00, 0xFC, 0xFF, 0x03, 0x00, 0x00, 0x00, 0x00, 0xE0, 0xFF,
    0x1F, 0x00, 0x00, 0x00, 0x00, 0x00, 0xFF, 0xFF, 0x00, 0x00, 0x00, 0x00, 0x00, 0xF8, 0xFF, 0x07,
    0x00, 0x00, 0x00, 0x00, 0xC0, 0xFF, 0x3F, 0x00, 0x00, 0x00, 0x00, 0x00, 0xFE, 0xFF, 0x01, 0x00,
    0x00, 0x00, 0x00, 0xF0, 0xFF, 0x0F, 0x00, 0x00, 0x00, 0x00, 0x80, 0xFF, 0x7F, 0x00, 0x00, 0x00,
    0x00, 0x00, 0xFC, 0xFF, 0x03, 0x00, 0x00, 0x00, 0x00, 0xE0, 0xFF, 0x1F, 0x00, 0x00, 0x00, 0x00,
    0x00, 0xFF, 0xFF, 0x00, 0x00, 0x00, 0x00, 0x00, 0xF8, 0xFF, 0x07, 0x00, 0x00, 0x00, 0x00, 0xC0,
    0xFF, 0x3F, 0x00, 0x00, 0x00, 0x00, 0x00, 0xFE, 0xFF, 0x01, 0x00, 0x00, 0x00, 0x00, 0xF0, 0xFF,
    0x0F, 0x00, 0x00, 0x00, 0x00, 0x80, 0xFF, 0x7F, 0x00, 0x00, 0x00, 0x00, 0x00, 0xFC, 0xFF, 0x03,
    0x00, 0x00, 0x00, 0x00, 0xE0, 0xFF, 0x1F, 0x00, 0x00, 0x00,
    // Unicode: [0x002C]
    0xC0, 0xFF, 0x0F, 0xFC, 0xFF, 0xC0, 0xFF, 0x0F, 0xFC, 0xFF, 0xC0, 0xFF, 0x0F, 0xFC, 0xFF, 0xC0,
    0xFF, 0x0F, 0xFC, 0xFF, 0xC0, 0xFF, 0x0F, 0xFC, 0xFF, 0xC0, 0xFF, 0x0F, 0xFC, 0xFF, 0xC0, 0xFF,
    0x0F, 0xFC, 0xFF, 0xC0, 0xFF, 0x0F, 0xFC, 0xFF, 0xC0, 0xFF, 0x0F, 0xFC, 0xFF, 0xE0, 0xFF, 0x07,
    0xFE, 0x7F, 0xE0, 0xFF, 0x07, 0xFE, 0x3F, 0xF0, 0xFF, 0x03, 0xFF, 0x3F, 0xF8, 0xFF, 0x81, 0xFF,
    0x1F, 0xF8, 0xFF, 0xC0, 0xFF, 0x0F, 0xFE, 0x7F, 0xE0, 0xFF, 0x03, 0xFF, 0x3F, 0xF0, 0xFF, 0x01,
    0xFC, 0x0F, 0x00, 0x7F, 0x00, 0xC0, 0x03, 0x00, 0x10, 0x00,
    // Unicode: [0x002D]
    0xFF, 0xFF, 0xFF, 0xFF, 0xFF, 0xFF, 0xFF, 0xFF, 0xFF, 0xFF, 0xFF, 0xFF, 0xFF, 0xFF, 0xFF, 0xFF,
    0xFF, 0xFF, 0xFF, 0xFF, 0xFF, 0xFF, 0xFF, 0xFF, 0xFF, 0xFF, 0xFF, 0xFF, 0xFF, 0xFF, 0xFF, 0xFF,
    0xFF, 0xFF, 0xFF, 0xFF, 0xFF, 0xFF, 0xFF, 0xFF, 0xFF, 0xFF, 0xFF, 0xFF, 0xFF, 0xFF, 0xFF, 0xFF,
    0xFF, 0xFF, 0xFF, 0xFF, 0xFF, 0xFF, 0xFF, 0xFF, 0xFF, 0x3F,
    // Unicode: [0x002E]
    0x80, 0x1F, 0x00, 0xFF, 0x0F, 0xF8, 0xFF, 0xC1, 0xFF, 0x3F, 0xFC, 0xFF, 0xE3, 0xFF, 0x7F, 0xFE,
    0xFF, 0xE7, 0xFF, 0x7F, 0xFF, 0xFF, 0xFF, 0xFF, 0xFF, 0xFE, 0xFF, 0xEF, 0xFF, 0x7F, 0xFE, 0xFF,
    0xC7, 0xFF, 0x7F, 0xFC, 0xFF, 0x83, 0xFF, 0x1F, 0xF0, 0xFF, 0x00, 0xFC, 0x01,
    // Unicode: [0x002F]
    0x00, 0x00, 0x00, 0x80, 0xFF, 0x0F, 0x00, 0x00, 0x00, 0xF8, 0xFF, 0x00, 0x00, 0x00, 0x80, 0xFF,
    0x07, 0x00, 0x00, 0x00, 0xFC, 0x7F, 0x00, 0x00, 0x00, 0xC0, 0xFF, 0x07, 0x00, 0x00, 0x00, 0xFC,
    0x3F, 0x00, 0x00, 0x00, 0xE0, 0xFF, 0x03, 0x00, 0x00, 0x00, 0xFE, 0x3F, 0x00, 0x00, 0x00, 0xE0,
    0xFF, 0x01, 0x00, 0x00, 0x00, 0xFF, 0x1F, 0x00, 0x00, 0x00, 0xF0, 0xFF, 0x01, 0x00, 0x00, 0x00,
    0xFF, 0x0F, 0x00, 0x00, 0x00, 0xF8, 0xFF, 0x00, 0x00, 0x00, 0x80, 0xFF, 0x0F, 0x00, 0x00, 0x00,
    0xF8, 0x7F, 0x00, 0x00, 0x00, 0xC0, 0xFF, 0x07, 0x00, 0x00, 0x00, 0xFC, 0x7F, 0x00, 0x00, 0x00,
    0xC0, 0xFF, 0x03, 0x00, 0x00, 0x00, 0xFE, 0x3F, 0x00, 0x00, 0x00, 0xE0, 0xFF, 0x03, 0x00, 0x00,
    0x00, 0xFE, 0x1F, 0x00, 0x00, 0x00, 0xF0, 0xFF, 0x01, 0x00, 0x00, 0x00, 0xFF, 0x1F, 0x00, 0x00,
    0x00, 0xF0, 0xFF, 0x00, 0x00, 0x00, 0x80, 0xFF, 0x0F, 0x00, 0x00, 0x00, 0xF8, 0xFF, 0x00, 0x00,
    0x00, 0x80, 0xFF, 0x07, 0x00, 0x00, 0x00, 0xFC, 0x7F, 0x00, 0x00, 0x00, 0xC0, 0xFF, 0x07, 0x00,
    0x00, 0x00, 0xFC, 0x3F, 0x00, 0x00, 0x00, 0xE0, 0xFF, 0x03, 0x00, 0x00, 0x00, 0xFE, 0x3F, 0x00,
    0x00, 0x00, 0xE0, 0xFF, 0x01, 0x00, 0x00, 0x00, 0xFF, 0x1F, 0x00, 0x00, 0x00, 0xF0, 0xFF, 0x00,
    0x00, 0x00, 0x00, 0xFF, 0x0F, 0x00, 0x00, 0x00, 0xF8, 0xFF, 0x00, 0x00, 0x00, 0x80, 0xFF, 0x07,
    0x00, 0x00, 0x00, 0xFC, 0x7F, 0x00, 0x00, 0x00, 0xC0, 0xFF, 0x07, 0x00, 0x00, 0x00, 0xFC, 0x3F,
    0x00, 0x00, 0x00, 0xE0, 0xFF, 0x03, 0x00, 0x00, 0x00, 0xFE, 0x3F, 0x00, 0x00, 0x00, 0xE0, 0xFF,
    0x01, 0x00, 0x00, 0x00, 0xFF, 0x1F, 0x00, 0x00, 0x00, 0xF0, 0xFF, 0x01, 0x00, 0x00, 0x00, 0xFF,
    0x0F, 0x00, 0x00, 0x00, 0xF8, 0xFF, 0x00, 0x00, 0x00, 0x80, 0xFF, 0x0F, 0x00, 0x00, 0x00, 0xF8,
    0x7F, 0x00, 0x00, 0x00, 0xC0, 0xFF, 0x07, 0x00, 0x00, 0x00, 0xFC, 0x7F, 0x00, 0x00, 0x00, 0xC0,
    0xFF, 0x03, 0x00, 0x00, 0x00, 0xFE, 0x3F, 0x00, 0x00, 0x00, 0xE0, 0xFF, 0x03, 0x00, 0x00, 0x00,
    0xFE, 0x1F, 0x00, 0x00, 0x00, 0xF0, 0xFF, 0x01, 0x00, 0x00, 0x00, 0xFF, 0x1F, 0x00, 0x00, 0x00,
    0xF0, 0xFF, 0x00, 0x00, 0x00, 0x80, 0xFF, 0x0F, 0x00, 0x00, 0x00, 0xF8, 0xFF, 0x00, 0x00, 0x00,
    0x80, 0xFF, 0x07, 0x00, 0x00, 0x00, 0xFC, 0x7F, 0x00, 0x00, 0x00, 0xC0, 0xFF, 0x07, 0x00, 0x00,
    0x00, 0xFC, 0x3F, 0x00, 0x00, 0x00, 0xE0, 0xFF, 0x03, 0x00, 0x00, 0x00, 0xFE, 0x3F, 0x00, 0x00,
    0x00, 0xE0, 0xFF, 0x01, 0x00, 0x00, 0x00, 0xFF, 0x1F, 0x00, 0x00, 0x00, 0xF0, 0xFF, 0x01, 0x00,
    0x00, 0x00, 0xFF, 0x0F, 0x00, 0x00, 0x00, 0xF8, 0xFF, 0x00, 0x00, 0x00, 0x80, 0xFF, 0x0F, 0x00,
    0x00, 0x00, 0xF8, 0x7F, 0x00, 0x00, 0x00, 0xC0, 0xFF, 0x07, 0x00, 0x00, 0x00, 0xFC, 0x3F, 0x00,
    0x00, 0x00, 0xC0, 0xFF, 0x03, 0x00, 0x00, 0x00, 0xFE, 0x3F, 0x00, 0x00, 0x00, 0xE0, 0xFF, 0x01,
    0x00, 0x00, 0x00, 0xFF, 0x1F, 0x00, 0x00, 0x00, 0xF0, 0xFF, 0x01, 0x00, 0x00, 0x00, 0xFF, 0x0F,
    0x00, 0x00, 0x00, 0xF8, 0xFF, 0x00, 0x00, 0x00, 0x80, 0xFF, 0x0F, 0x00, 0x00, 0x00, 0xF8, 0x7F,
    0x00, 0x00, 0x00, 0xC0, 0xFF, 0x07, 0x00, 0x00, 0x00, 0xFC, 0x7F, 0x00, 0x00, 0x00, 0xC0, 0xFF,
    0x03, 0x00, 0x00, 0x00, 0xFE, 0x3F, 0x00, 0x00, 0x00, 0xE0, 0xFF, 0x03, 0x00, 0x00, 0x00, 0xFE,
    0x1F, 0x00, 0x00, 0x00, 0xF0, 0xFF, 0x01, 0x00, 0x00, 0x00,
    // Unicode: [0x0030]
    0x00, 0x00, 0xC0, 0xFF, 0x07, 0x00, 0x00, 0x00, 0x00, 0xF8, 0xFF, 0xFF, 0x00, 0x00, 0x00, 0x00,
    0xFC, 0xFF, 0xFF, 0x07, 0x00, 0x00, 0x00, 0xFE, 0xFF, 0xFF, 0x3F, 0x00, 0x00, 0x00, 0xFF, 0xFF,
    0xFF, 0xFF, 0x01, 0x00, 0x00, 0xFF, 0xFF, 0xFF, 0xFF, 0x07, 0x00, 0x00, 0xFF, 0xFF, 0xFF, 0xFF,
    0x1F, 0x00, 0x00, 0xFF, 0xFF, 0xFF, 0xFF, 0x7F, 0x00, 0x00, 0xFF, 0xFF, 0xFF, 0xFF, 0xFF, 0x01,
    0x00, 0xFF, 0xFF, 0xFF, 0xFF, 0xFF, 0x07, 0x00, 0xFF, 0xFF, 0xFF, 0xFF, 0xFF, 0x1F, 0x00, 0xFF,
    0xFF, 0xFF, 0xFF, 0xFF, 0x3F, 0x00, 0xFE, 0xFF, 0xFF, 0xFF, 0xFF, 0xFF, 0x00, 0xFE, 0xFF, 0xFF,
    0xFF, 0xFF, 0xFF, 0x03, 0xFC, 0xFF, 0x7F, 0xC0, 0xFF, 0xFF, 0x07, 0xFC, 0xFF, 0x3F, 0x00, 0xFE,
    0xFF, 0x1F, 0xF8, 0xFF, 0x1F, 0x00, 0xF0, 0xFF, 0x3F, 0xF8, 0xFF, 0x1F, 0x00, 0xC0, 0xFF, 0x7F,
    0xF0, 0xFF, 0x3F, 0x00, 0x80, 0xFF, 0xFF, 0xE1, 0xFF, 0x3F, 0x00, 0x00, 0xFE, 0xFF, 0xE3, 0xFF,
    0x7F, 0x00, 0x00, 0xFC, 0xFF, 0xC7, 0xFF, 0x7F, 0x00, 0x00, 0xF0, 0xFF, 0x9F, 0xFF, 0xFF, 0x00,
    0x00, 0xE0, 0xFF, 0x3F, 0xFF, 0xFF, 0x01, 0x00, 0xC0, 0xFF, 0x7F, 0xFE, 0xFF, 0x01, 0x00, 0x00,
    0xFF, 0xFF, 0xFE, 0xFF, 0x03, 0x00, 0x00, 0xFE, 0xFF, 0xFD, 0xFF, 0x07, 0x00, 0x00, 0xFC, 0xFF,
    0xFF, 0xFF, 0x0F, 0x00, 0x00, 0xF8, 0xFF, 0xFF, 0xFF, 0x1F, 0x00, 0x00, 0xF0, 0xFF, 0xFF, 0xFF,
    0x3F, 0x00, 0x00, 0xE0, 0xFF, 0xFF, 0xFF, 0x7F, 0x00, 0x00, 0xC0, 0xFF, 0xFF, 0xFF, 0xFF, 0x00,
    0x00, 0x80, 0xFF, 0xFF, 0xFF, 0xFF, 0x01, 0x00, 0x00, 0xFF, 0xFF, 0xFF, 0xFF, 0x03, 0x00, 0x00,
    0xFE, 0xFF, 0xFF, 0xFF, 0x07, 0x00, 0x00, 0xFC, 0xFF, 0xFF, 0xFF, 0x0F, 0x00, 0x00, 0xF8, 0xFF,
    0xFF, 0xFF, 0x1F, 0x00, 0x00, 0xF0, 0xFF, 0xFF, 0xFF, 0x3F, 0x00, 0x00, 0xE0, 0xFF, 0xFF, 0xFF,
    0x7F, 0x00, 0x00, 0xC0, 0xFF, 0xFF, 0xFF, 0xFF, 0x00, 0x00, 0x80, 0xFF, 0xFF, 0xFF, 0xFF, 0x01,
    0x00, 0x00, 0xFF, 0xFF, 0xFF, 0xFF, 0x03, 0x00, 0x00, 0xFE, 0xFF, 0xFF, 0xFF, 0x07, 0x00, 0x00,
    0xFC, 0xFF, 0xFF, 0xFF, 0x0F, 0x00, 0x00, 0xF8, 0xFF, 0xFF, 0xFF, 0x1F, 0x00, 0x00, 0xF0, 0xFF,
    0xFF, 0xFF, 0x3F, 0x00, 0x00, 0xE0, 0xFF, 0xFF, 0xFF, 0x7F, 0x00, 0x00, 0xC0, 0xFF, 0xFF, 0xFF,
    0xFF, 0x00, 0x00, 0x80, 0xFF, 0xFF, 0xFF, 0xFF, 0x01, 0x00, 0x00, 0xFF, 0xFF, 0xFF, 0xFF, 0x03,
    0x00, 0x00, 0xFE, 0xFF, 0xFF, 0xFF, 0x07, 0x00, 0x00, 0xFC, 0xFF, 0xFF, 0xFF, 0x0F, 0x00, 0x00,
    0xF8, 0xFF, 0xFF, 0xFF, 0x1F, 0x00, 0x00, 0xF0, 0xFF, 0xFF, 0xFF, 0x3F, 0x00, 0x00, 0xE0, 0xFF,
    0xFF, 0xFF, 0x7F, 0x00, 0x00, 0xC0, 0xFF, 0xFF, 0xFF, 0xFF, 0x00, 0x00, 0x80, 0xFF, 0xFF, 0xFF,
    0xFF, 0x01, 0x00, 0x00, 0xFF, 0xFF, 0xFF, 0xFF, 0x03, 0x00, 0x00, 0xFE, 0xFF, 0xFF, 0xFF, 0x07,
    0x00, 0x00, 0xFC, 0xFF, 0xFF, 0xFF, 0x0F, 0x00, 0x00, 0xF8, 0xFF, 0xFF, 0xFF, 0x1F, 0x00, 0x00,
    0xF0, 0xFF, 0xFF, 0xFF, 0x3F, 0x00, 0x00, 0xE0, 0xFF, 0x9F, 0xFF, 0x7F, 0x00, 0x00, 0xC0, 0xFF,
    0x3F, 0xFF, 0xFF, 0x01, 0x00, 0xC0, 0xFF, 0x7F, 0xFE, 0xFF, 0x03, 0x00, 0x80, 0xFF, 0xFF, 0xFC,
    0xFF, 0x07, 0x00, 0x00, 0xFF, 0xFF, 0xF1, 0xFF, 0x1F, 0x00, 0x00, 0xFF, 0xFF, 0xE1, 0xFF, 0x3F,
    0x00, 0x00, 0xFE, 0xFF, 0xC3, 0xFF, 0xFF, 0x00, 0x00, 0xFE, 0xFF, 0x87, 0xFF, 0xFF, 0x01, 0x00,
    0xFC, 0xFF, 0x07, 0xFE, 0xFF, 0x07, 0x00, 0xFC, 0xFF, 0x0F, 0xFC, 0xFF, 0x3F, 0x00, 0xFE, 0xFF,
    0x1F, 0xF0, 0xFF, 0xFF, 0x01, 0xFF, 0xFF, 0x1F, 0xE0, 0xFF, 0xFF, 0xFF, 0xFF, 0xFF, 0x3F, 0x80,
    0xFF, 0xFF, 0xFF, 0xFF, 0xFF, 0x3F, 0x00, 0xFF, 0xFF, 0xFF, 0xFF, 0xFF, 0x7F, 0x00, 0xFC, 0xFF,
    0xFF, 0xFF, 0xFF, 0x7F, 0x00, 0xF0, 0xFF, 0xFF, 0xFF, 0xFF, 0x7F, 0x00, 0xC0, 0xFF, 0xFF, 0xFF,
    0xFF, 0x7F, 0x00, 0x00, 0xFF, 0xFF, 0xFF, 0xFF, 0x7F, 0x00, 0x00, 0xFC, 0xFF, 0xFF, 0xFF, 0x7F,
    0x00, 0x00, 0xF0, 0xFF, 0xFF, 0xFF, 0x7F, 0x00, 0x00, 0xC0, 0xFF, 0xFF, 0xFF, 0x7F, 0x00, 0x00,
    0x00, 0xFE, 0xFF, 0xFF, 0x3F, 0x00, 0x00, 0x00, 0xF0, 0xFF, 0xFF, 0x1F, 0x00, 0x00, 0x00, 0x80,
    0xFF, 0xFF, 0x0F, 0x00, 0x00, 0x00, 0x00, 0xF0, 0xFF, 0x00, 0x00, 0x00,
    // Unicode: [0x0031]
    0x00, 0x00, 0x00, 0x00, 0x1C, 0x00, 0x00, 0x00, 0xF0, 0x03, 0x00, 0x00, 0xC0, 0x7F, 0x00, 0x00,
    0x00, 0xFE, 0x0F, 0x00, 0x00, 0xF8, 0xFF, 0x01, 0x00, 0xE0, 0xFF, 0x3F, 0x00, 0x80, 0xFF, 0xFF,
    0x07, 0x00, 0xFC, 0xFF, 0xFF, 0x00, 0xF0, 0xFF, 0xFF, 0x1F, 0xC0, 0xFF, 0xFF, 0xFF, 0x03, 0xFE,
    0xFF, 0xFF, 0x7F, 0xF8, 0xFF, 0xFF, 0xFF, 0xEF, 0xFF, 0xFF, 0xFF, 0xFF, 0xFF, 0xFF, 0xFF, 0xFF,
    0xFF, 0xFF, 0xFF, 0xFF, 0xFF, 0xFF, 0xFF, 0xFF, 0xFF, 0xFF, 0xFF, 0xFF, 0xFF, 0xFF, 0xFF, 0xFF,
    0xFF, 0xFF, 0xFF, 0xFF, 0xFF, 0xFF, 0xFF, 0xFF, 0xFF, 0xFF, 0xFF, 0xFF, 0xFF, 0xFF, 0xFF, 0xFF,
    0xFF, 0xFF, 0xFF, 0xE3, 0xFF, 0xFF, 0xFF, 0x0F, 0xFC, 0xFF, 0xFF, 0x3F, 0x80, 0xFF, 0xFF, 0xFF,
    0x00, 0xF0, 0xFF, 0xFF, 0x03, 0x00, 0xFE, 0xFF, 0x07, 0x00, 0xC0, 0xFF, 0x7F, 0x00, 0x00, 0xF8,
    0xFF, 0x0F, 0x00, 0x00, 0xFF, 0xFF, 0x01, 0x00, 0xE0, 0xFF, 0x3F, 0x00, 0x00, 0xFC, 0xFF, 0x07,
    0x00, 0x80, 0xFF, 0xFF, 0x00, 0x00, 0xF0, 0xFF, 0x1F, 0x00, 0x00, 0xFE, 0xFF, 0x03, 0x00, 0xC0,
    0xFF, 0x7F, 0x00, 0x00, 0xF8, 0xFF, 0x0F, 0x00, 0x00, 0xFF, 0xFF, 0x01, 0x00, 0xE0, 0xFF, 0x3F,
    0x00, 0x00, 0xFC, 0xFF, 0x07, 0x00, 0x80, 0xFF, 0xFF, 0x00, 0x00, 0xF0, 0xFF, 0x1F, 0x00, 0x00,
    0xFE, 0xFF, 0x03, 0x00, 0xC0, 0xFF, 0x7F, 0x00, 0x00, 0xF8, 0xFF, 0x0F, 0x00, 0x00, 0xFF, 0xFF,
    0x01, 0x00, 0xE0, 0xFF, 0x3F, 0x00, 0x00, 0xFC, 0xFF, 0x07, 0x00, 0x80, 0xFF, 0xFF, 0x00, 0x00,
    0xF0, 0xFF, 0x1F, 0x00, 0x00, 0xFE, 0xFF, 0x03, 0x00, 0xC0, 0xFF, 0x7F, 0x00, 0x00, 0xF8, 0xFF,
    0x0F, 0x00, 0x00, 0xFF, 0xFF, 0x01, 0x00, 0xE0, 0xFF, 0x3F, 0x00, 0x00, 0xFC, 0xFF, 0x07, 0x00,
    0x80, 0xFF, 0xFF, 0x00, 0x00, 0xF0, 0xFF, 0x1F, 0x00, 0x00, 0xFE, 0xFF, 0x03, 0x00, 0xC0, 0xFF,
    0x7F, 0x00, 0x00, 0xF8, 0xFF, 0x0F, 0x00, 0x00, 0xFF, 0xFF, 0x01, 0x00, 0xE0, 0xFF, 0x3F, 0x00,
    0x00, 0xFC, 0xFF, 0x07, 0x00, 0x80, 0xFF, 0xFF, 0x00, 0x00, 0xF0, 0xFF, 0x1F, 0x00, 0x00, 0xFE,
    0xFF, 0x03, 0x00, 0xC0, 0xFF, 0x7F, 0x00, 0x00, 0xF8, 0xFF, 0x0F, 0x00, 0x00, 0xFF, 0xFF, 0x01,
    0x00, 0xE0, 0xFF, 0x3F, 0x00, 0x00, 0xFC, 0xFF, 0x07, 0x00, 0x80, 0xFF, 0xFF, 0x00, 0x00, 0xF0,
    0xFF, 0x1F, 0x00, 0x00, 0xFE, 0xFF, 0x03, 0x00, 0xC0, 0xFF, 0x7F, 0x00, 0x00, 0xF8, 0xFF, 0x0F,
    0x00, 0x00, 0xFF, 0xFF, 0x01, 0x00, 0xE0, 0xFF, 0x3F, 0x00, 0x00, 0xFC, 0xFF, 0x07, 0x00, 0x80,
    0xFF, 0xFF, 0x00, 0x00, 0xF0, 0xFF, 0x1F, 0x00, 0x00, 0xFE, 0xFF, 0x03, 0x00, 0xC0, 0xFF, 0x7F,
    0x00, 0x00, 0xF8, 0xFF, 0x0F, 0x00, 0x00, 0xFF, 0xFF, 0x01,
    // Unicode: [0x0032]
    0x00, 0x00, 0x00, 0xFF, 0x1F, 0x00, 0x00, 0x00, 0x00, 0x00, 0xFF, 0xFF, 0x1F, 0x00, 0x00, 0x00,
    0x00, 0xFE, 0xFF, 0xFF, 0x0F, 0x00, 0x00, 0x00, 0xF8, 0xFF, 0xFF, 0xFF, 0x03, 0x00, 0x00, 0xE0,
    0xFF, 0xFF, 0xFF, 0xFF, 0x00, 0x00, 0x80, 0xFF, 0xFF, 0xFF, 0xFF, 0x1F, 0x00, 0x00, 0xFC, 0xFF,
    0xFF, 0xFF, 0xFF, 0x07, 0x00, 0xE0, 0xFF, 0xFF, 0xFF, 0xFF, 0xFF, 0x00, 0x00, 0xFF, 0xFF, 0xFF,
    0xFF, 0xFF, 0x1F, 0x00, 0xF8, 0xFF, 0xFF, 0xFF, 0xFF, 0xFF, 0x01, 0xC0, 0xFF, 0xFF, 0xFF, 0xFF,
    0xFF, 0x3F, 0x00, 0xFE, 0xFF, 0xFF, 0xFF, 0xFF, 0xFF, 0x07, 0xE0, 0xFF, 0xFF, 0xFF, 0xFF, 0xFF,
    0x7F, 0x00, 0xFF, 0xFF, 0xFF, 0xFF, 0xFF, 0xFF, 0x0F, 0xF8, 0xFF, 0xFF, 0x03, 0xFE, 0xFF, 0xFF,
    0x80, 0xFF, 0xFF, 0x07, 0x00, 0xFF, 0xFF, 0x0F, 0xFC, 0xFF, 0x3F, 0x00, 0xE0, 0xFF, 0xFF, 0xC1,
    0xFF, 0xFF, 0x01, 0x00, 0xFC, 0xFF, 0x1F, 0xFC, 0xFF, 0x0F, 0x00, 0x80, 0xFF, 0xFF, 0xE1, 0xFF,
    0x7F, 0x00, 0x00, 0xF8, 0xFF, 0x1F, 0xFE, 0xFF, 0x07, 0x00, 0x00, 0xFF, 0xFF, 0xE1, 0xFF, 0x3F,
    0x00, 0x00, 0xF0, 0xFF, 0x1F, 0xFE, 0xFF, 0x03, 0x00, 0x00, 0xFF, 0xFF, 0xF3, 0xFF, 0x3F, 0x00,
    0x00, 0xF0, 0xFF, 0x3F, 0xFF, 0xFF, 0x01, 0x00, 0x00, 0xFE, 0xFF, 0xF3, 0xFF, 0x1F, 0x00, 0x00,
    0xE0, 0xFF, 0x3F, 0xFF, 0xFF, 0x01, 0x00, 0x00, 0xFE, 0xFF, 0xF1, 0xFF, 0x1F, 0x00, 0x00, 0xF0,
    0xFF, 0x1F, 0x00, 0x00, 0x00, 0x00, 0x00, 0xFF, 0xFF, 0x01, 0x00, 0x00, 0x00, 0x00, 0xF0, 0xFF,
    0x1F, 0x00, 0x00, 0x00, 0x00, 0x00, 0xFF, 0xFF, 0x01, 0x00, 0x00, 0x00, 0x00, 0xF8, 0xFF, 0x0F,
    0x00, 0x00, 0x00, 0x00, 0x80, 0xFF, 0xFF, 0x00, 0x00, 0x00, 0x00, 0x00, 0xFC, 0xFF, 0x0F, 0x00,
    0x00, 0x00, 0x00, 0xC0, 0xFF, 0x7F, 0x00, 0x00, 0x00, 0x00, 0x00, 0xFE, 0xFF, 0x07, 0x00, 0x00,
    0x00, 0x00, 0xE0, 0xFF, 0x7F, 0x00, 0x00, 0x00, 0x00, 0x00, 0xFF, 0xFF, 0x03, 0x00, 0x00, 0x00,
    0x00, 0xF8, 0xFF, 0x1F, 0x00, 0x00, 0x00, 0x00, 0xC0, 0xFF, 0xFF, 0x01, 0x00, 0x00, 0x00, 0x00,
    0xFC, 0xFF, 0x0F, 0x00, 0x00, 0x00, 0x00, 0xE0, 0xFF, 0xFF, 0x00, 0x00, 0x00, 0x00, 0x00, 0xFF,
    0xFF, 0x07, 0x00, 0x00, 0x00, 0x00, 0xF8, 0xFF, 0x3F, 0x00, 0x00, 0x00, 0x00, 0xC0, 0xFF, 0xFF,
    0x01, 0x00, 0x00, 0x00, 0x00, 0xFE, 0xFF, 0x1F, 0x00, 0x00, 0x00, 0x00, 0xF0, 0xFF, 0xFF, 0x00,
    0x00, 0x00, 0x00, 0x80, 0xFF, 0xFF, 0x07, 0x00, 0x00, 0x00, 0x00, 0xFC, 0xFF, 0x3F, 0x00, 0x00,
    0x00, 0x00, 0xE0, 0xFF, 0xFF, 0x01, 0x00, 0x00, 0x00, 0x00, 0xFF, 0xFF, 0x0F, 0x00, 0x00, 0x00,
    0x00, 0xF8, 0xFF, 0xFF, 0x00, 0x00, 0x00, 0x00, 0x80, 0xFF, 0xFF, 0x07, 0x00, 0x00, 0x00, 0x00,
    0xFC, 0xFF, 0x3F, 0x00, 0x00, 0x00, 0x00, 0xE0, 0xFF, 0xFF, 0x01, 0x00, 0x00, 0x00, 0x00, 0xFF,
    0xFF, 0x0F, 0x00, 0x00, 0x00, 0x00, 0xF8, 0xFF, 0x7F, 0x00, 0x00, 0x00, 0x00, 0xC0, 0xFF, 0xFF,
    0x03, 0x00, 0x00, 0x00, 0x00, 0xFE, 0xFF, 0x1F, 0x00, 0x00, 0x00, 0x00, 0xF0, 0xFF, 0xFF, 0x00,
    0x00, 0x00, 0x00, 0x80, 0xFF, 0xFF, 0x07, 0x00, 0x00, 0x00, 0x00, 0xFC, 0xFF, 0x3F, 0x00, 0x00,
    0x00, 0x00, 0xE0, 0xFF, 0xFF, 0x01, 0x00, 0x00, 0x00, 0x00, 0xFF, 0xFF, 0x0F, 0x00, 0x00, 0x00,
    0x00, 0xF8, 0xFF, 0x7F, 0x00, 0x00, 0x00, 0x00, 0xC0, 0xFF, 0xFF, 0x03, 0x00, 0x00, 0x00, 0x00,
    0xFE, 0xFF, 0x1F, 0x00, 0x00, 0x00, 0x00, 0xF0, 0xFF, 0xFF, 0x00, 0x00, 0x00, 0x00, 0x80, 0xFF,
    0xFF, 0x07, 0x00, 0x00, 0x00, 0x00, 0xFC, 0xFF, 0x3F, 0x00, 0x00, 0x00, 0x00, 0xE0, 0xFF, 0xFF,
    0x01, 0x00, 0x00, 0x00, 0x00, 0xFF, 0xFF, 0x0F, 0x00, 0x00, 0x00, 0x00, 0xF8, 0xFF, 0xFF, 0xFF,
    0xFF, 0xFF, 0xFF, 0xCF, 0xFF, 0xFF, 0xFF, 0xFF, 0xFF, 0xFF, 0xFF, 0xFC, 0xFF, 0xFF, 0xFF, 0xFF,
    0xFF, 0xFF, 0xCF, 0xFF, 0xFF, 0xFF, 0xFF, 0xFF, 0xFF, 0xFF, 0xFC, 0xFF, 0xFF, 0xFF, 0xFF, 0xFF,
    0xFF, 0xCF, 0xFF, 0xFF, 0xFF, 0xFF, 0xFF, 0xFF, 0xFF, 0xFC, 0xFF, 0xFF, 0xFF, 0xFF, 0xFF, 0xFF,
    0xCF, 0xFF, 0xFF, 0xFF, 0xFF, 0xFF, 0xFF, 0xFF, 0xFC, 0xFF, 0xFF, 0xFF, 0xFF, 0xFF, 0xFF, 0xCF,
    0xFF, 0xFF, 0xFF, 0xFF, 0xFF, 0xFF, 0xFF, 0xFC, 0xFF, 0xFF, 0xFF, 0xFF, 0xFF, 0xFF, 0xCF, 0xFF,
    0xFF, 0xFF, 0xFF, 0xFF, 0xFF, 0xFF, 0xFC, 0xFF, 0xFF, 0xFF, 0xFF, 0xFF, 0xFF, 0xCF, 0xFF, 0xFF,
    0xFF, 0xFF, 0xFF, 0xFF, 0xFF,
    // Unicode: [0x0033]
    0x00, 0x00, 0x80, 0xFF, 0x0F, 0x00, 0x00, 0x00, 0x00, 0xE0, 0xFF, 0xFF, 0x0F, 0x00, 0x00, 0x00,
    0xC0, 0xFF, 0xFF, 0xFF, 0x01, 0x00, 0x00, 0xC0, 0xFF, 0xFF, 0xFF, 0x7F, 0x00, 0x00, 0x00, 0xFF,
    0xFF, 0xFF, 0xFF, 0x07, 0x00, 0x00, 0xFE, 0xFF, 0xFF, 0xFF, 0xFF, 0x00, 0x00, 0xF8, 0xFF, 0xFF,
    0xFF, 0xFF, 0x0F, 0x00, 0xE0, 0xFF, 0xFF, 0xFF, 0xFF, 0xFF, 0x00, 0x80, 0xFF, 0xFF, 0xFF, 0xFF,
    0xFF, 0x0F, 0x00, 0xFE, 0xFF, 0xFF, 0xFF, 0xFF, 0xFF, 0x00, 0xF8, 0xFF, 0xFF, 0xFF, 0xFF, 0xFF,
    0x0F, 0xE0, 0xFF, 0xFF, 0xFF, 0xFF, 0xFF, 0x7F, 0x00, 0xFF, 0xFF, 0xFF, 0xFF, 0xFF, 0xFF, 0x07,
    0xFC, 0xFF, 0xFF, 0xFF, 0xFF, 0xFF, 0x3F, 0xE0, 0xFF, 0xFF, 0x07, 0xF8, 0xFF, 0xFF, 0x83, 0xFF,
    0xFF, 0x0F, 0x00, 0xFE, 0xFF, 0x1F, 0xFC, 0xFF, 0x1F, 0x00, 0xE0, 0xFF, 0xFF, 0xE1, 0xFF, 0x7F,
    0x00, 0x00, 0xFE, 0xFF, 0x8F, 0xFF, 0xFF, 0x01, 0x00, 0xE0, 0xFF, 0x7F, 0xFC, 0xFF, 0x0F, 0x00,
    0x00, 0xFE, 0xFF, 0xE3, 0xFF, 0x3F, 0x00, 0x00, 0xF0, 0xFF, 0x1F, 0xFF, 0xFF, 0x01, 0x00, 0x80,
    0xFF, 0xFF, 0xF9, 0xFF, 0x0F, 0x00, 0x00, 0xF8, 0xFF, 0x0F, 0x00, 0x00, 0x00, 0x00, 0xC0, 0xFF,
    0x7F, 0x00, 0x00, 0x00, 0x00, 0x00, 0xFE, 0xFF, 0x03, 0x00, 0x00, 0x00, 0x00, 0xF0, 0xFF, 0x1F,
    0x00, 0x00, 0x00, 0x00, 0x80, 0xFF, 0xFF, 0x00, 0x00, 0x00, 0x00, 0x00, 0xFE, 0xFF, 0x03, 0x00,
    0x00, 0x00, 0x00, 0xF0, 0xFF, 0x1F, 0x00, 0x00, 0x00, 0x00, 0x80, 0xFF, 0xFF, 0x00, 0x00, 0x00,
    0x00, 0x00, 0xFE, 0xFF, 0x07, 0x00, 0x00, 0x00, 0x00, 0xF0, 0xFF, 0x1F, 0x00, 0x00, 0x00, 0x00,
    0xC0, 0xFF, 0xFF, 0x00, 0x00, 0x00, 0x00, 0x00, 0xFF, 0xFF, 0x03, 0x00, 0x00, 0x00, 0x00, 0xFE,
    0xFF, 0x1F, 0x00, 0x00, 0x00, 0x00, 0xFC, 0xFF, 0x7F, 0x00, 0x00, 0x80, 0xFF, 0xFF, 0xFF, 0xFF,
    0x01, 0x00, 0x00, 0xFC, 0xFF, 0xFF, 0xFF, 0x07, 0x00, 0x00, 0xE0, 0xFF, 0xFF, 0xFF, 0x1F, 0x00,
    0x00, 0x00, 0xFF, 0xFF, 0xFF, 0x7F, 0x00, 0x00, 0x00, 0xF8, 0xFF, 0xFF, 0xFF, 0x01, 0x00, 0x00,
    0xC0, 0xFF, 0xFF, 0xFF, 0x03, 0x00, 0x00, 0x00, 0xFE, 0xFF, 0xFF, 0x07, 0x00, 0x00, 0x00, 0xF0,
    0xFF, 0xFF, 0xFF, 0x00, 0x00, 0x00, 0x80, 0xFF, 0xFF, 0xFF, 0x1F, 0x00, 0x00, 0x00, 0xFC, 0xFF,
    0xFF, 0xFF, 0x03, 0x00, 0x00, 0xE0, 0xFF, 0xFF, 0xFF, 0x3F, 0x00, 0x00, 0x00, 0xFF, 0xFF, 0xFF,
    0xFF, 0x03, 0x00, 0x00, 0xF8, 0xFF, 0xFF, 0xFF, 0x3F, 0x00, 0x00, 0xC0, 0xFF, 0xFF, 0xFF, 0xFF,
    0x03, 0x00, 0x00, 0x00, 0x80, 0xFF, 0xFF, 0x3F, 0x00, 0x00, 0x00, 0x00, 0xE0, 0xFF, 0xFF, 0x01,
    0x00, 0x00, 0x00, 0x00, 0xFC, 0xFF, 0x1F, 0x00, 0x00, 0x00, 0x00, 0xC0, 0xFF, 0xFF, 0x00, 0x00,
    0x00, 0x00, 0x00, 0xFC, 0xFF, 0x0F, 0x00, 0x00, 0x00, 0x00, 0xC0, 0xFF, 0x7F, 0x00, 0x00, 0x00,
    0x00, 0x00, 0xFE, 0xFF, 0x03, 0x00, 0x00, 0x00, 0x00, 0xF0, 0xFF, 0x3F, 0x00, 0x00, 0x00, 0x00,
    0x00, 0xFF, 0xFF, 0x01, 0x00, 0x00, 0x00, 0x00, 0xF8, 0xFF, 0x0F, 0x00, 0x00, 0x00, 0x00, 0xC0,
    0xFF, 0x7F, 0x00, 0x00, 0x00, 0x00, 0x00, 0xFE, 0xFF, 0x03, 0x00, 0x00, 0x00, 0x00, 0xF0, 0xFF,
    0xFF, 0xFF, 0x3F, 0x00, 0x00, 0x80, 0xFF, 0xFF, 0xFF, 0xFF, 0x01, 0x00, 0x00, 0xFC, 0xFF, 0xFF,
    0xFF, 0x0F, 0x00, 0x00, 0xE0, 0xFF, 0xFF, 0xFF, 0xFF, 0x00, 0x00, 0x80, 0xFF, 0xFF, 0xFF, 0xFF,
    0x07, 0x00, 0x00, 0xFC, 0xFF, 0xFF, 0xFF, 0x7F, 0x00, 0x00, 0xF0, 0xFF, 0x3F, 0xFF, 0xFF, 0x07,
    0x00, 0xC0, 0xFF, 0xFF, 0xF9, 0xFF, 0x7F, 0x00, 0x00, 0xFF, 0xFF, 0xCF, 0xFF, 0xFF, 0x0F, 0x00,
    0xFE, 0xFF, 0x3F, 0xFC, 0xFF, 0xFF, 0x01, 0xFC, 0xFF, 0xFF, 0xE1, 0xFF, 0xFF, 0xFF, 0xFF, 0xFF,
    0xFF, 0x07, 0xFE, 0xFF, 0xFF, 0xFF, 0xFF, 0xFF, 0x3F, 0xF0, 0xFF, 0xFF, 0xFF, 0xFF, 0xFF, 0xFF,
    0x00, 0xFF, 0xFF, 0xFF, 0xFF, 0xFF, 0xFF, 0x03, 0xF0, 0xFF, 0xFF, 0xFF, 0xFF, 0xFF, 0x1F, 0x00,
    0xFF, 0xFF, 0xFF, 0xFF, 0xFF, 0x7F, 0x00, 0xF0, 0xFF, 0xFF, 0xFF, 0xFF, 0xFF, 0x01, 0x00, 0xFF,
    0xFF, 0xFF, 0xFF, 0xFF, 0x03, 0x00, 0xF0, 0xFF, 0xFF, 0xFF, 0xFF, 0x0F, 0x00, 0x00, 0xFE, 0xFF,
    0xFF, 0xFF, 0x3F, 0x00, 0x00, 0xC0, 0xFF, 0xFF, 0xFF, 0x7F, 0x00, 0x00, 0x00, 0xF8, 0xFF, 0xFF,
    0xFF, 0x00, 0x00, 0x00, 0x00, 0xFE, 0xFF, 0x7F, 0x00, 0x00, 0x00, 0x00, 0x00, 0xFF, 0x3F, 0x00,
    0x00, 0x00,
    // Unicode: [0x0034]
    0x00, 0x00, 0x00, 0x00, 0xF8, 0xFF, 0x1F, 0x00, 0x00, 0x00, 0x00, 0x00, 0xFC, 0xFF, 0x0F, 0x00,
    0x00, 0x00, 0x00, 0x00, 0xFF, 0xFF, 0x07, 0x00, 0x00, 0x00, 0x00, 0x80, 0xFF, 0xFF, 0x03, 0x00,
    0x00, 0x00, 0x00, 0xE0, 0xFF, 0xFF, 0x01, 0x00, 0x00, 0x00, 0x00, 0xF8, 0xFF, 0xFF, 0x00, 0x00,
    0x00, 0x00, 0x00, 0xFC, 0xFF, 0x7F, 0x00, 0x00, 0x00, 0x00, 0x00, 0xFF, 0xFF, 0x3F, 0x00, 0x00,
    0x00, 0x00, 0xC0, 0xFF, 0xFF, 0x1F, 0x00, 0x00, 0x00, 0x00, 0xE0, 0xFF, 0xFF, 0x0F, 0x00, 0x00,
    0x00, 0x00, 0xF8, 0xFF, 0xFF, 0x07, 0x00, 0x00, 0x00, 0x00, 0xFE, 0xFF, 0xFF, 0x03, 0x00, 0x00,
    0x00, 0x00, 0xFF, 0xFF, 0xFF, 0x01, 0x00, 0x00, 0x00, 0xC0, 0xFF, 0xFF, 0xFF, 0x00, 0x00, 0x00,
    0x00, 0xE0, 0xFF, 0xFF, 0x7F, 0x00, 0x00, 0x00, 0x00, 0xF8, 0xFF, 0xFF, 0x3F, 0x00, 0x00, 0x00,
    0x00, 0xFE, 0xFF, 0xFF, 0x1F, 0x00, 0x00, 0x00, 0x00, 0xFF, 0xFF, 0xFF, 0x0F, 0x00, 0x00, 0x00,
    0xC0, 0xFF, 0xFF, 0xFF, 0x07, 0x00, 0x00, 0x00, 0xF0, 0xFF, 0xFF, 0xFF, 0x03, 0x00, 0x00, 0x00,
    0xF8, 0xFF, 0xFF, 0xFF, 0x01, 0x00, 0x00, 0x00, 0xFE, 0xFF, 0xFF, 0xFF, 0x00, 0x00, 0x00, 0x00,
    0xFF, 0xFF, 0xFF, 0x7F, 0x00, 0x00, 0x00, 0xC0, 0xFF, 0xFF, 0xFF, 0x3F, 0x00, 0x00, 0x00, 0xF0,
    0xFF, 0xF7, 0xFF, 0x1F, 0x00, 0x00, 0x00, 0xF8, 0xFF, 0xFB, 0xFF, 0x0F, 0x00, 0x00, 0x00, 0xFE,
    0xFF, 0xFC, 0xFF, 0x07, 0x00, 0x00, 0x80, 0xFF, 0x3F, 0xFE, 0xFF, 0x03, 0x00, 0x00, 0xC0, 0xFF,
    0x1F, 0xFF, 0xFF, 0x01, 0x00, 0x00, 0xF0, 0xFF, 0x87, 0xFF, 0xFF, 0x00, 0x00, 0x00, 0xFC, 0xFF,
    0xC1, 0xFF, 0x7F, 0x00, 0x00, 0x00, 0xFE, 0xFF, 0xE0, 0xFF, 0x3F, 0x00, 0x00, 0x80, 0xFF, 0x3F,
    0xF0, 0xFF, 0x1F, 0x00, 0x00, 0xC0, 0xFF, 0x0F, 0xF8, 0xFF, 0x0F, 0x00, 0x00, 0xF0, 0xFF, 0x07,
    0xFC, 0xFF, 0x07, 0x00, 0x00, 0xFC, 0xFF, 0x01, 0xFE, 0xFF, 0x03, 0x00, 0x00, 0xFE, 0xFF, 0x00,
    0xFF, 0xFF, 0x01, 0x00, 0x80, 0xFF, 0x3F, 0x80, 0xFF, 0xFF, 0x00, 0x00, 0xE0, 0xFF, 0x0F, 0xC0,
    0xFF, 0x7F, 0x00, 0x00, 0xF0, 0xFF, 0x07, 0xE0, 0xFF, 0x3F, 0x00, 0x00, 0xFC, 0xFF, 0x01, 0xF0,
    0xFF, 0x1F, 0x00, 0x00, 0xFF, 0x7F, 0x00, 0xF8, 0xFF, 0x0F, 0x00, 0x80, 0xFF, 0x3F, 0x00, 0xFC,
    0xFF, 0x07, 0x00, 0xE0, 0xFF, 0x0F, 0x00, 0xFE, 0xFF, 0x03, 0x00, 0xF0, 0xFF, 0x03, 0x00, 0xFF,
    0xFF, 0x01, 0x00, 0xFC, 0xFF, 0x01, 0x80, 0xFF, 0xFF, 0x00, 0x00, 0xFF, 0x7F, 0x00, 0xC0, 0xFF,
    0x7F, 0x00, 0x80, 0xFF, 0x3F, 0x00, 0xE0, 0xFF, 0x3F, 0x00, 0xE0, 0xFF, 0x0F, 0x00, 0xF0, 0xFF,
    0x1F, 0x00, 0xF8, 0xFF, 0x03, 0x00, 0xF8, 0xFF, 0x0F, 0x00, 0xFC, 0xFF, 0x01, 0x00, 0xFC, 0xFF,
    0x07, 0x00, 0xFF, 0x7F, 0x00, 0x00, 0xFE, 0xFF, 0x03, 0xC0, 0xFF, 0x1F, 0x00, 0x00, 0xFF, 0xFF,
    0x01, 0xE0, 0xFF, 0xFF, 0xFF, 0xFF, 0xFF, 0xFF, 0xFF, 0xFB, 0xFF, 0xFF, 0xFF, 0xFF, 0xFF, 0xFF,
    0xFF, 0xFD, 0xFF, 0xFF, 0xFF, 0xFF, 0xFF, 0xFF, 0xFF, 0xFF, 0xFF, 0xFF, 0xFF, 0xFF, 0xFF, 0xFF,
    0xFF, 0xFF, 0xFF, 0xFF, 0xFF, 0xFF, 0xFF, 0xFF, 0xFF, 0xFF, 0xFF, 0xFF, 0xFF, 0xFF, 0xFF, 0xFF,
    0xFF, 0xFF, 0xFF, 0xFF, 0xFF, 0xFF, 0xFF, 0xFF, 0xEF, 0xFF, 0xFF, 0xFF, 0xFF, 0xFF, 0xFF, 0xFF,
    0xF7, 0xFF, 0xFF, 0xFF, 0xFF, 0xFF, 0xFF, 0xFF, 0xFB, 0xFF, 0xFF, 0xFF, 0xFF, 0xFF, 0xFF, 0xFF,
    0xFD, 0xFF, 0xFF, 0xFF, 0xFF, 0xFF, 0xFF, 0xFF, 0xFE, 0xFF, 0xFF, 0xFF, 0xFF, 0xFF, 0xFF, 0x7F,
    0xFF, 0xFF, 0xFF, 0xFF, 0xFF, 0xFF, 0xFF, 0xBF, 0xFF, 0xFF, 0xFF, 0xFF, 0xFF, 0xFF, 0xFF, 0x1F,
    0x00, 0x00, 0x00, 0x00, 0xFE, 0xFF, 0x03, 0x00, 0x00, 0x00, 0x00, 0x00, 0xFF, 0xFF, 0x01, 0x00,
    0x00, 0x00, 0x00, 0x80, 0xFF, 0xFF, 0x00, 0x00, 0x00, 0x00, 0x00, 0xC0, 0xFF, 0x7F, 0x00, 0x00,
    0x00, 0x00, 0x00, 0xE0, 0xFF, 0x3F, 0x00, 0x00, 0x00, 0x00, 0x00, 0xF0, 0xFF, 0x1F, 0x00, 0x00,
    0x00, 0x00, 0x00, 0xF8, 0xFF, 0x0F, 0x00, 0x00, 0x00, 0x00, 0x00, 0xFC, 0xFF, 0x07, 0x00, 0x00,
    0x00, 0x00, 0x00, 0xFE, 0xFF, 0x03, 0x00, 0x00, 0x00, 0x00, 0x00, 0xFF, 0xFF, 0x01, 0x00, 0x00,
    0x00, 0x00, 0x80, 0xFF, 0xFF, 0x00, 0x00, 0x00, 0x00, 0x00, 0xC0, 0xFF, 0x7F, 0x00, 0x00, 0x00,
    0x00, 0x00, 0xE0, 0xFF, 0x3F, 0x00, 0x00, 0x00, 0x00, 0x00, 0xF0, 0xFF, 0x1F, 0x00, 0x00, 0x00,
    0x00, 0x00, 0xF8, 0xFF, 0x0F, 0x00, 0x00, 0x00, 0x00, 0x00, 0xFC, 0xFF, 0x07, 0x00, 0x00, 0x00,
    0x00, 0x00, 0xFE, 0xFF, 0x03, 0x00, 0x00, 0x00, 0x00, 0x00, 0xFF, 0xFF, 0x01, 0x00,
    // Unicode: [0x0035]
    0x80, 0xFF, 0xFF, 0xFF, 0xFF, 0xFF, 0x7F, 0x00, 0xFE, 0xFF, 0xFF, 0xFF, 0xFF, 0xFF, 0x01, 0xF8,
    0xFF, 0xFF, 0xFF, 0xFF, 0xFF, 0x07, 0xE0, 0xFF, 0xFF, 0xFF, 0xFF, 0xFF, 0x1F, 0x80, 0xFF, 0xFF,
    0xFF, 0xFF, 0xFF, 0x7F, 0x00, 0xFE, 0xFF, 0xFF, 0xFF, 0xFF, 0xFF, 0x01, 0xF8, 0xFF, 0xFF, 0xFF,
    0xFF, 0xFF, 0x07, 0xF0, 0xFF, 0xFF, 0xFF, 0xFF, 0xFF, 0x1F, 0xC0, 0xFF, 0xFF, 0xFF, 0xFF, 0xFF,
    0x7F, 0x00, 0xFF, 0xFF, 0xFF, 0xFF, 0xFF, 0xFF, 0x01, 0xFC, 0xFF, 0xFF, 0xFF, 0xFF, 0xFF, 0x07,
    0xF0, 0xFF, 0xFF, 0xFF, 0xFF, 0xFF, 0x1F, 0xC0, 0xFF, 0xFF, 0xFF, 0xFF, 0xFF, 0x7F, 0x00, 0xFF,
    0xFF, 0xFF, 0xFF, 0xFF, 0xFF, 0x01, 0xFC, 0xFF, 0x01, 0x00, 0x00, 0x00, 0x00, 0xF0, 0xFF, 0x07,
    0x00, 0x00, 0x00, 0x00, 0xE0, 0xFF, 0x1F, 0x00, 0x00, 0x00, 0x00, 0x80, 0xFF, 0x7F, 0x00, 0x00,
    0x00, 0x00, 0x00, 0xFE, 0xFF, 0x01, 0x00, 0x00, 0x00, 0x00, 0xF8, 0xFF, 0x07, 0x00, 0x00, 0x00,
    0x00, 0xE0, 0xFF, 0x0F, 0x00, 0x00, 0x00, 0x00, 0x80, 0xFF, 0x3F, 0x00, 0x00, 0x00, 0x00, 0x00,
    0xFE, 0xFF, 0x00, 0x00, 0x00, 0x00, 0x00, 0xF8, 0xFF, 0x03, 0x00, 0x00, 0x00, 0x00, 0xE0, 0xFF,
    0x0F, 0x00, 0x00, 0x00, 0x00, 0xC0, 0xFF, 0x3F, 0x00, 0x00, 0x00, 0x00, 0x00, 0xFF, 0xFF, 0x00,
    0x00, 0x00, 0x00, 0x00, 0xFC, 0xFF, 0x03, 0x00, 0x00, 0x00, 0x00, 0xF0, 0xFF, 0x0F, 0x00, 0x00,
    0x00, 0x00, 0xC0, 0xFF, 0x1F, 0xE0, 0xFF, 0x00, 0x00, 0x00, 0xFF, 0x7F, 0xF8, 0xFF, 0x3F, 0x00,
    0x00, 0xFC, 0xFF, 0xF9, 0xFF, 0xFF, 0x03, 0x00, 0xF0, 0xFF, 0xFF, 0xFF, 0xFF, 0x3F, 0x00, 0xE0,
    0xFF, 0xFF, 0xFF, 0xFF, 0xFF, 0x03, 0x80, 0xFF, 0xFF, 0xFF, 0xFF, 0xFF, 0x1F, 0x00, 0xFE, 0xFF,
    0xFF, 0xFF, 0xFF, 0xFF, 0x00, 0xF8, 0xFF, 0xFF, 0xFF, 0xFF, 0xFF, 0x07, 0xE0, 0xFF, 0xFF, 0xFF,
    0xFF, 0xFF, 0x3F, 0x80, 0xFF, 0xFF, 0xFF, 0xFF, 0xFF, 0xFF, 0x01, 0xFE, 0xFF, 0xFF, 0xFF, 0xFF,
    0xFF, 0x07, 0xF8, 0xFF, 0xFF, 0xFF, 0xFF, 0xFF, 0x3F, 0xE0, 0xFF, 0xFF, 0xFF, 0xFF, 0xFF, 0xFF,
    0xC1, 0xFF, 0xFF, 0x07, 0xF0, 0xFF, 0xFF, 0x07, 0xFE, 0xFF, 0x03, 0x00, 0xFF, 0xFF, 0x1F, 0x80,
    0xFF, 0x03, 0x00, 0xF0, 0xFF, 0xFF, 0x00, 0xC0, 0x07, 0x00, 0x80, 0xFF, 0xFF, 0x03, 0x00, 0x08,
    0x00, 0x00, 0xFC, 0xFF, 0x0F, 0x00, 0x00, 0x00, 0x00, 0xE0, 0xFF, 0x7F, 0x00, 0x00, 0x00, 0x00,
    0x80, 0xFF, 0xFF, 0x01, 0x00, 0x00, 0x00, 0x00, 0xFC, 0xFF, 0x07, 0x00, 0x00, 0x00, 0x00, 0xF0,
    0xFF, 0x1F, 0x00, 0x00, 0x00, 0x00, 0xC0, 0xFF, 0xFF, 0x00, 0x00, 0x00, 0x00, 0x00, 0xFE, 0xFF,
    0x03, 0x00, 0x00, 0x00, 0x00, 0xF8, 0xFF, 0x0F, 0x00, 0x00, 0x00, 0x00, 0xE0, 0xFF, 0x3F, 0x00,
    0x00, 0x00, 0x00, 0x80, 0xFF, 0xFF, 0x00, 0x00, 0x00, 0x00, 0x00, 0xFE, 0xFF, 0x03, 0x00, 0x00,
    0x00, 0x00, 0xF8, 0xFF, 0x0F, 0x00, 0x00, 0x00, 0x00, 0xE0, 0xFF, 0x3F, 0x00, 0x00, 0x00, 0x00,
    0x80, 0xFF, 0xFF, 0x00, 0x00, 0x00, 0x00, 0x00, 0xFE, 0xFF, 0xFF, 0xFF, 0x07, 0x00, 0x00, 0xF8,
    0xFF, 0xFF, 0xFF, 0x1F, 0x00, 0x00, 0xF0, 0xFF, 0xFF, 0xFF, 0x7F, 0x00, 0x00, 0xC0, 0xFF, 0x7F,
    0xFE, 0xFF, 0x03, 0x00, 0x00, 0xFF, 0xFF, 0xF9, 0xFF, 0x0F, 0x00, 0x00, 0xFE, 0xFF, 0xE7, 0xFF,
    0x7F, 0x00, 0x00, 0xF8, 0xFF, 0x9F, 0xFF, 0xFF, 0x01, 0x00, 0xF0, 0xFF, 0x3F, 0xFC, 0xFF, 0x0F,
    0x00, 0xE0, 0xFF, 0xFF, 0xF0, 0xFF, 0x7F, 0x00, 0xC0, 0xFF, 0xFF, 0xC3, 0xFF, 0xFF, 0x07, 0x80,
    0xFF, 0xFF, 0x07, 0xFE, 0xFF, 0x7F, 0x80, 0xFF, 0xFF, 0x1F, 0xF8, 0xFF, 0xFF, 0xFF, 0xFF, 0xFF,
    0x3F, 0xC0, 0xFF, 0xFF, 0xFF, 0xFF, 0xFF, 0xFF, 0x00, 0xFE, 0xFF, 0xFF, 0xFF, 0xFF, 0xFF, 0x01,
    0xF8, 0xFF, 0xFF, 0xFF, 0xFF, 0xFF, 0x03, 0xC0, 0xFF, 0xFF, 0xFF, 0xFF, 0xFF, 0x0F, 0x00, 0xFE,
    0xFF, 0xFF, 0xFF, 0xFF, 0x1F, 0x00, 0xF0, 0xFF, 0xFF, 0xFF, 0xFF, 0x3F, 0x00, 0x80, 0xFF, 0xFF,
    0xFF, 0xFF, 0x7F, 0x00, 0x00, 0xF8, 0xFF, 0xFF, 0xFF, 0x7F, 0x00, 0x00, 0xC0, 0xFF, 0xFF, 0xFF,
    0xFF, 0x00, 0x00, 0x00, 0xFC, 0xFF, 0xFF, 0xFF, 0x00, 0x00, 0x00, 0xC0, 0xFF, 0xFF, 0xFF, 0x00,
    0x00, 0x00, 0x00, 0xF8, 0xFF, 0xFF, 0x00, 0x00, 0x00, 0x00, 0x00, 0xFE, 0x3F, 0x00, 0x00, 0x00,
    // Unicode: [0x0036]
    0x00, 0x00, 0x00, 0x00, 0xF0, 0x3F, 0x00, 0x00, 0x00, 0x00, 0x00, 0xFC, 0xFF, 0x01, 0x00, 0x00,
    0x00, 0x00, 0xFC, 0xFF, 0x0F, 0x00, 0x00, 0x00, 0x00, 0xFC, 0xFF, 0x7F, 0x00, 0x00, 0x00, 0x00,
    0xF8, 0xFF, 0xFF, 0x03, 0x00, 0x00, 0x00, 0xF0, 0xFF, 0xFF, 0x1F, 0x00, 0x00, 0x00, 0xE0, 0xFF,
    0xFF, 0xFF, 0x00, 0x00, 0x00, 0x80, 0xFF, 0xFF, 0xFF, 0x07, 0x00, 0x00, 0x00, 0xFF, 0xFF, 0xFF,
    0x3F, 0x00, 0x00, 0x00, 0xFC, 0xFF, 0xFF, 0xFF, 0x01, 0x00, 0x00, 0xF0, 0xFF, 0xFF, 0xFF, 0x0F,
    0x00, 0x00, 0xC0, 0xFF, 0xFF, 0xFF, 0x7F, 0x00, 0x00, 0x00, 0xFF, 0xFF, 0xFF, 0xFF, 0x03, 0x00,
    0x00, 0xFC, 0xFF, 0xFF, 0xFF, 0x1F, 0x00, 0x00, 0xF0, 0xFF, 0xFF, 0xFF, 0x00, 0x00, 0x00, 0xC0,
    0xFF, 0xFF, 0x7F, 0x00, 0x00, 0x00, 0x00, 0xFE, 0xFF, 0x7F, 0x00, 0x00, 0x00, 0x00, 0xF8, 0xFF,
    0xFF, 0x00, 0x00, 0x00, 0x00, 0xE0, 0xFF, 0xFF, 0x03, 0x00, 0x00, 0x00, 0x00, 0xFF, 0xFF, 0x07,
    0x00, 0x00, 0x00, 0x00, 0xFC, 0xFF, 0x1F, 0x00, 0x00, 0x00, 0x00, 0xE0, 0xFF, 0x7F, 0x00, 0x00,
    0x00, 0x00, 0x80, 0xFF, 0xFF, 0x01, 0x00, 0x00, 0x00, 0x00, 0xFC, 0xFF, 0x07, 0x00, 0x00, 0x00,
    0x00, 0xF0, 0xFF, 0x1F, 0x00, 0x00, 0x00, 0x00, 0x80, 0xFF, 0xFF, 0x00, 0x00, 0x00, 0x00, 0x00,
    0xFE, 0xFF, 0x03, 0x00, 0x00, 0x00, 0x00, 0xF0, 0xFF, 0x1F, 0x00, 0x00, 0x00, 0x00, 0x80, 0xFF,
    0x7F, 0x00, 0x00, 0x00, 0x00, 0x00, 0xFE, 0xFF, 0x03, 0xF0, 0x7F, 0x00, 0x00, 0xF0, 0xFF, 0x1F,
    0xF0, 0xFF, 0x1F, 0x00, 0x80, 0xFF, 0x7F, 0xF0, 0xFF, 0xFF, 0x07, 0x00, 0xFE, 0xFF, 0xC3, 0xFF,
    0xFF, 0x7F, 0x00, 0xF0, 0xFF, 0x9F, 0xFF, 0xFF, 0xFF, 0x0F, 0x80, 0xFF, 0xFF, 0xFE, 0xFF, 0xFF,
    0xFF, 0x00, 0xFC, 0xFF, 0xFB, 0xFF, 0xFF, 0xFF, 0x0F, 0xE0, 0xFF, 0xFF, 0xFF, 0xFF, 0xFF, 0xFF,
    0x00, 0xFF, 0xFF, 0xFF, 0xFF, 0xFF, 0xFF, 0x0F, 0xFC, 0xFF, 0xFF, 0xFF, 0xFF, 0xFF, 0x7F, 0xE0,
    0xFF, 0xFF, 0xFF, 0xFF, 0xFF, 0xFF, 0x07, 0xFF, 0xFF, 0xFF, 0xFF, 0xFF, 0xFF, 0x7F, 0xF8, 0xFF,
    0xFF, 0xFF, 0xFF, 0xFF, 0xFF, 0xC3, 0xFF, 0xFF, 0xFF, 0xFF, 0xFF, 0xFF, 0x3F, 0xFE, 0xFF, 0xFF,
    0x07, 0xFC, 0xFF, 0xFF, 0xF1, 0xFF, 0xFF, 0x07, 0x80, 0xFF, 0xFF, 0x8F, 0xFF, 0xFF, 0x0F, 0x00,
    0xF0, 0xFF, 0xFF, 0xFC, 0xFF, 0x3F, 0x00, 0x00, 0xFF, 0xFF, 0xE7, 0xFF, 0xFF, 0x00, 0x00, 0xF0,
    0xFF, 0x3F, 0xFF, 0xFF, 0x03, 0x00, 0x80, 0xFF, 0xFF, 0xFB, 0xFF, 0x0F, 0x00, 0x00, 0xF8, 0xFF,
    0xDF, 0xFF, 0x7F, 0x00, 0x00, 0xC0, 0xFF, 0xFF, 0xFE, 0xFF, 0x03, 0x00, 0x00, 0xFC, 0xFF, 0xF7,
    0xFF, 0x1F, 0x00, 0x00, 0xE0, 0xFF, 0xBF, 0xFF, 0xFF, 0x00, 0x00, 0x00, 0xFF, 0xFF, 0xFD, 0xFF,
    0x07, 0x00, 0x00, 0xF0, 0xFF, 0xFF, 0xFF, 0x3F, 0x00, 0x00, 0x80, 0xFF, 0xFF, 0xFF, 0xFF, 0x01,
    0x00, 0x00, 0xFC, 0xFF, 0xFF, 0xFF, 0x0F, 0x00, 0x00, 0xE0, 0xFF, 0xFF, 0xFF, 0x7F, 0x00, 0x00,
    0x00, 0xFF, 0xFF, 0xFF, 0xFF, 0x03, 0x00, 0x00, 0xF8, 0xFF, 0xEF, 0xFF, 0x1F, 0x00, 0x00, 0xC0,
    0xFF, 0x7F, 0xFF, 0xFF, 0x00, 0x00, 0x00, 0xFE, 0xFF, 0xFB, 0xFF, 0x0F, 0x00, 0x00, 0xF8, 0xFF,
    0xCF, 0xFF, 0x7F, 0x00, 0x00, 0xC0, 0xFF, 0x7F, 0xFE, 0xFF, 0x03, 0x00, 0x00, 0xFE, 0xFF, 0xE3,
    0xFF, 0x3F, 0x00, 0x00, 0xF8, 0xFF, 0x1F, 0xFF, 0xFF, 0x01, 0x00, 0xC0, 0xFF, 0xFF, 0xF8, 0xFF,
    0x1F, 0x00, 0x00, 0xFF, 0xFF, 0x83, 0xFF, 0xFF, 0x00, 0x00, 0xF8, 0xFF, 0x1F, 0xFC, 0xFF, 0x0F,
    0x00, 0xE0, 0xFF, 0xFF, 0xE0, 0xFF, 0xFF, 0x00, 0x80, 0xFF, 0xFF, 0x03, 0xFE, 0xFF, 0x1F, 0x00,
    0xFF, 0xFF, 0x1F, 0xE0, 0xFF, 0xFF, 0x03, 0xFE, 0xFF, 0x7F, 0x00, 0xFF, 0xFF, 0xFF, 0xFF, 0xFF,
    0xFF, 0x03, 0xF0, 0xFF, 0xFF, 0xFF, 0xFF, 0xFF, 0x0F, 0x80, 0xFF, 0xFF, 0xFF, 0xFF, 0xFF, 0x3F,
    0x00, 0xF8, 0xFF, 0xFF, 0xFF, 0xFF, 0xFF, 0x01, 0x80, 0xFF, 0xFF, 0xFF, 0xFF, 0xFF, 0x07, 0x00,
    0xF8, 0xFF, 0xFF, 0xFF, 0xFF, 0x1F, 0x00, 0x80, 0xFF, 0xFF, 0xFF, 0xFF, 0x7F, 0x00, 0x00, 0xF8,
    0xFF, 0xFF, 0xFF, 0xFF, 0x01, 0x00, 0x80, 0xFF, 0xFF, 0xFF, 0xFF, 0x07, 0x00, 0x00, 0xF0, 0xFF,
    0xFF, 0xFF, 0x0F, 0x00, 0x00, 0x00, 0xFF, 0xFF, 0xFF, 0x3F, 0x00, 0x00, 0x00, 0xE0, 0xFF, 0xFF,
    0x7F, 0x00, 0x00, 0x00, 0x00, 0xF8, 0xFF, 0x7F, 0x00, 0x00, 0x00, 0x00, 0x00, 0xFC, 0x3F, 0x00,
    0x00, 0x00,
    // Unicode: [0x0037]
    0xFF, 0xFF, 0xFF, 0xFF, 0xFF, 0xFF, 0xFF, 0xFF, 0xFF, 0xFF, 0xFF, 0xFF, 0xFF, 0xFF, 0xFF, 0xFF,
    0xFF, 0xFF, 0xFF, 0xFF, 0xFF, 0xFF, 0xFF, 0xFF, 0xFF, 0xFF, 0xFF, 0xFF, 0xFF, 0xFF, 0xFF, 0xFF,
    0xFF, 0xFF, 0xFF, 0xFF, 0xFF, 0xFF, 0xFF, 0xFF, 0xFF, 0xFF, 0xFF, 0xFF, 0xFF, 0xFF, 0xFF, 0xFF,
    0xFF, 0xFF, 0xFF, 0xFF, 0xFF, 0xFF, 0xFF, 0xFF, 0xFF, 0xFF, 0xFF, 0xFF, 0xFF, 0xFF, 0xFF, 0xFF,
    0xFF, 0xFF, 0xFF, 0xFF, 0xFF, 0xFF, 0xFF, 0xFF, 0xFF, 0xFF, 0xFF, 0xFF, 0xFF, 0xFF, 0xFF, 0xFF,
    0xFF, 0xFF, 0xF7, 0xFF, 0xFF, 0xFF, 0xFF, 0xFF, 0xFF, 0x7F, 0xFF, 0xFF, 0xFF, 0xFF, 0xFF, 0xFF,
    0xFF, 0xF7, 0xFF, 0xFF, 0xFF, 0xFF, 0xFF, 0xFF, 0x3F, 0x00, 0x00, 0x00, 0x00, 0x00, 0xFC, 0xFF,
    0x03, 0x00, 0x00, 0x00, 0x00, 0xE0, 0xFF, 0x1F, 0x00, 0x00, 0x00, 0x00, 0x00, 0xFE, 0xFF, 0x01,
    0x00, 0x00, 0x00, 0x00, 0xF0, 0xFF, 0x0F, 0x00, 0x00, 0x00, 0x00, 0x00, 0xFF, 0xFF, 0x00, 0x00,
    0x00, 0x00, 0x00, 0xF8, 0xFF, 0x0F, 0x00, 0x00, 0x00, 0x00, 0x80, 0xFF, 0x7F, 0x00, 0x00, 0x00,
    0x00, 0x00, 0xFC, 0xFF, 0x07, 0x00, 0x00, 0x00, 0x00, 0xC0, 0xFF, 0x3F, 0x00, 0x00, 0x00, 0x00,
    0x00, 0xFC, 0xFF, 0x03, 0x00, 0x00, 0x00, 0x00, 0xE0, 0xFF, 0x1F, 0x00, 0x00, 0x00, 0x00, 0x00,
    0xFE, 0xFF, 0x01, 0x00, 0x00, 0x00, 0x00, 0xF0, 0xFF, 0x0F, 0x00, 0x00, 0x00, 0x00, 0x00, 0xFF,
    0xFF, 0x00, 0x00, 0x00, 0x00, 0x00, 0xF8, 0xFF, 0x0F, 0x00, 0x00, 0x00, 0x00, 0x80, 0xFF, 0x7F,
    0x00, 0x00, 0x00, 0x00, 0x00, 0xFC, 0xFF, 0x07, 0x00, 0x00, 0x00, 0x00, 0xC0, 0xFF, 0x3F, 0x00,
    0x00, 0x00, 0x00, 0x00, 0xFE, 0xFF, 0x03, 0x00, 0x00, 0x00, 0x00, 0xE0, 0xFF, 0x1F, 0x00, 0x00,
    0x00, 0x00, 0x00, 0xFF, 0xFF, 0x01, 0x00, 0x00, 0x00, 0x00, 0xF0, 0xFF, 0x1F, 0x00, 0x00, 0x00,
    0x00, 0x00, 0xFF, 0xFF, 0x00, 0x00, 0x00, 0x00, 0x00, 0xF8, 0xFF, 0x0F, 0x00, 0x00, 0x00, 0x00,
    0x80, 0xFF, 0x7F, 0x00, 0x00, 0x00, 0x00, 0x00, 0xFC, 0xFF, 0x07, 0x00, 0x00, 0x00, 0x00, 0xC0,
    0xFF, 0x3F, 0x00, 0x00, 0x00, 0x00, 0x00, 0xFE, 0xFF, 0x03, 0x00, 0x00, 0x00, 0x00, 0xE0, 0xFF,
    0x1F, 0x00, 0x00, 0x00, 0x00, 0x00, 0xFF, 0xFF, 0x01, 0x00, 0x00, 0x00, 0x00, 0xF0, 0xFF, 0x1F,
    0x00, 0x00, 0x00, 0x00, 0x80, 0xFF, 0xFF, 0x00, 0x00, 0x00, 0x00, 0x00, 0xF8, 0xFF, 0x0F, 0x00,
    0x00, 0x00, 0x00, 0xC0, 0xFF, 0x7F, 0x00, 0x00, 0x00, 0x00, 0x00, 0xFC, 0xFF, 0x07, 0x00, 0x00,
    0x00, 0x00, 0xE0, 0xFF, 0x3F, 0x00, 0x00, 0x00, 0x00, 0x00, 0xFE, 0xFF, 0x03, 0x00, 0x00, 0x00,
    0x00, 0xE0, 0xFF, 0x3F, 0x00, 0x00, 0x00, 0x00, 0x00, 0xFF, 0xFF, 0x01, 0x00, 0x00, 0x00, 0x00,
    0xF0, 0xFF, 0x1F, 0x00, 0x00, 0x00, 0x00, 0x80, 0xFF, 0xFF, 0x00, 0x00, 0x00, 0x00, 0x00, 0xF8,
    0xFF, 0x0F, 0x00, 0x00, 0x00, 0x00, 0xC0, 0xFF, 0x7F, 0x00, 0x00, 0x00, 0x00, 0x00, 0xFC, 0xFF,
    0x07, 0x00, 0x00, 0x00, 0x00, 0xE0, 0xFF, 0x3F, 0x00, 0x00, 0x00, 0x00, 0x00, 0xFE, 0xFF, 0x03,
    0x00, 0x00, 0x00, 0x00, 0xF0, 0xFF, 0x3F, 0x00, 0x00, 0x00, 0x00, 0x00, 0xFF, 0xFF, 0x01, 0x00,
    0x00, 0x00, 0x00, 0xF8, 0xFF, 0x1F, 0x00, 0x00, 0x00, 0x00, 0x80, 0xFF, 0xFF, 0x00, 0x00, 0x00,
    0x00, 0x00, 0xFC, 0xFF, 0x0F, 0x00, 0x00, 0x00, 0x00, 0xC0, 0xFF, 0x7F, 0x00, 0x00, 0x00, 0x00,
    0x00, 0xFC, 0xFF, 0x07, 0x00, 0x00, 0x00, 0x00, 0xE0, 0xFF, 0x7F, 0x00, 0x00, 0x00, 0x00, 0x00,
    0xFE, 0xFF, 0x03, 0x00, 0x00, 0x00, 0x00, 0xF0, 0xFF, 0x3F, 0x00, 0x00, 0x00, 0x00, 0x00, 0xFF,
    0xFF, 0x01, 0x00, 0x00, 0x00, 0x00, 0xF8, 0xFF, 0x1F, 0x00, 0x00, 0x00, 0x00, 0x80, 0xFF, 0xFF,
    0x00, 0x00, 0x00, 0x00, 0x00, 0xFC, 0xFF, 0x0F, 0x00, 0x00, 0x00, 0x00, 0xC0, 0xFF, 0x7F, 0x00,
    0x00, 0x00, 0x00, 0x00, 0xFE, 0xFF, 0x07, 0x00, 0x00, 0x00, 0x00, 0xE0, 0xFF, 0x7F, 0x00, 0x00,
    0x00, 0x00, 0x00, 0xFF, 0xFF, 0x03, 0x00, 0x00, 0x00, 0x00, 0xF0, 0xFF, 0x3F, 0x00, 0x00, 0x00,
    0x00, 0x80, 0xFF, 0xFF, 0x01, 0x00, 0x00, 0x00, 0x00, 0xF8, 0xFF, 0x1F, 0x00, 0x00, 0x00, 0x00,
    0x80, 0xFF, 0xFF, 0x00, 0x00, 0x00, 0x00, 0x00, 0xFC, 0xFF, 0x0F, 0x00, 0x00, 0x00, 0x00, 0xC0,
    0xFF, 0x7F, 0x00, 0x00, 0x00, 0x00, 0x00, 0xFE, 0xFF, 0x07, 0x00, 0x00, 0x00, 0x00,
    // Unicode: [0x0038]
    0x00, 0x00, 0xC0, 0xFF, 0x07, 0x00, 0x00, 0x00, 0x00, 0xF8, 0xFF, 0xFF, 0x00, 0x00, 0x00, 0x00,
    0xFE, 0xFF, 0xFF, 0x0F, 0x00, 0x00, 0x00, 0xFF, 0xFF, 0xFF, 0x7F, 0x00, 0x00, 0x80, 0xFF, 0xFF,
    0xFF, 0xFF, 0x03, 0x00, 0x80, 0xFF, 0xFF, 0xFF, 0xFF, 0x0F, 0x00, 0x80, 0xFF, 0xFF, 0xFF, 0xFF,
    0x3F, 0x00, 0x80, 0xFF, 0xFF, 0xFF, 0xFF, 0xFF, 0x00, 0x80, 0xFF, 0xFF, 0xFF, 0xFF, 0xFF, 0x03,
    0x80, 0xFF, 0xFF, 0xFF, 0xFF, 0xFF, 0x0F, 0x80, 0xFF, 0xFF, 0xFF, 0xFF, 0xFF, 0x3F, 0x00, 0xFF,
    0xFF, 0xFF, 0xFF, 0xFF, 0x7F, 0x00, 0xFF, 0xFF, 0xFF, 0xFF, 0xFF, 0xFF, 0x01, 0xFE, 0xFF, 0xFF,
    0xFF, 0xFF, 0xFF, 0x03, 0xFE, 0xFF, 0x7F, 0xC0, 0xFF, 0xFF, 0x0F, 0xFC, 0xFF, 0x3F, 0x00, 0xFE,
    0xFF, 0x1F, 0xFC, 0xFF, 0x3F, 0x00, 0xF8, 0xFF, 0x3F, 0xF8, 0xFF, 0x3F, 0x00, 0xE0, 0xFF, 0xFF,
    0xF0, 0xFF, 0x3F, 0x00, 0x80, 0xFF, 0xFF, 0xE1, 0xFF, 0x3F, 0x00, 0x00, 0xFE, 0xFF, 0xC3, 0xFF,
    0x7F, 0x00, 0x00, 0xFC, 0xFF, 0x87, 0xFF, 0xFF, 0x00, 0x00, 0xF8, 0xFF, 0x8F, 0xFF, 0xFF, 0x01,
    0x00, 0xF0, 0xFF, 0x1F, 0xFF, 0xFF, 0x03, 0x00, 0xE0, 0xFF, 0x3F, 0xFE, 0xFF, 0x03, 0x00, 0x80,
    0xFF, 0x7F, 0xF8, 0xFF, 0x07, 0x00, 0x00, 0xFF, 0xFF, 0xF0, 0xFF, 0x1F, 0x00, 0x00, 0xFF, 0xFF,
    0xE1, 0xFF, 0x3F, 0x00, 0x00, 0xFE, 0xFF, 0xC3, 0xFF, 0x7F, 0x00, 0x00, 0xFC, 0xFF, 0x87, 0xFF,
    0xFF, 0x00, 0x00, 0xF8, 0xFF, 0x0F, 0xFF, 0xFF, 0x03, 0x00, 0xF8, 0xFF, 0x1F, 0xFC, 0xFF, 0x07,
    0x00, 0xF0, 0xFF, 0x1F, 0xF8, 0xFF, 0x1F, 0x00, 0xF0, 0xFF, 0x3F, 0xE0, 0xFF, 0x7F, 0x00, 0xF0,
    0xFF, 0x3F, 0xC0, 0xFF, 0xFF, 0x01, 0xF0, 0xFF, 0x7F, 0x00, 0xFF, 0xFF, 0x0F, 0xF8, 0xFF, 0x7F,
    0x00, 0xFC, 0xFF, 0xFF, 0xFF, 0xFF, 0x7F, 0x00, 0xF8, 0xFF, 0xFF, 0xFF, 0xFF, 0x7F, 0x00, 0xE0,
    0xFF, 0xFF, 0xFF, 0xFF, 0xFF, 0x00, 0x80, 0xFF, 0xFF, 0xFF, 0xFF, 0xFF, 0x00, 0x00, 0xFC, 0xFF,
    0xFF, 0xFF, 0x7F, 0x00, 0x00, 0xF0, 0xFF, 0xFF, 0xFF, 0x7F, 0x00, 0x00, 0x80, 0xFF, 0xFF, 0xFF,
    0x3F, 0x00, 0x00, 0x80, 0xFF, 0xFF, 0xFF, 0xFF, 0x00, 0x00, 0xC0, 0xFF, 0xFF, 0xFF, 0xFF, 0x07,
    0x00, 0xE0, 0xFF, 0xFF, 0xFF, 0xFF, 0x1F, 0x00, 0xE0, 0xFF, 0xFF, 0xFF, 0xFF, 0xFF, 0x00, 0xE0,
    0xFF, 0xFF, 0xFF, 0xFF, 0xFF, 0x03, 0xE0, 0xFF, 0xFF, 0xFF, 0xFF, 0xFF, 0x0F, 0xE0, 0xFF, 0xFF,
    0xFF, 0xFF, 0xFF, 0x3F, 0xE0, 0xFF, 0xFF, 0x07, 0xFC, 0xFF, 0x7F, 0xC0, 0xFF, 0xFF, 0x01, 0xC0,
    0xFF, 0xFF, 0xC1, 0xFF, 0xFF, 0x00, 0x00, 0xFF, 0xFF, 0x87, 0xFF, 0xFF, 0x00, 0x00, 0xFC, 0xFF,
    0x8F, 0xFF, 0xFF, 0x01, 0x00, 0xF0, 0xFF, 0x3F, 0xFF, 0xFF, 0x01, 0x00, 0xC0, 0xFF, 0x7F, 0xFE,
    0xFF, 0x01, 0x00, 0x80, 0xFF, 0xFF, 0xFE, 0xFF, 0x03, 0x00, 0x00, 0xFE, 0xFF, 0xFF, 0xFF, 0x07,
    0x00, 0x00, 0xFC, 0xFF, 0xFF, 0xFF, 0x0F, 0x00, 0x00, 0xF8, 0xFF, 0xFF, 0xFF, 0x1F, 0x00, 0x00,
    0xF0, 0xFF, 0xFF, 0xFF, 0x3F, 0x00, 0x00, 0xE0, 0xFF, 0xFF, 0xFF, 0x7F, 0x00, 0x00, 0xC0, 0xFF,
    0xFF, 0xFF, 0xFF, 0x00, 0x00, 0x80, 0xFF, 0xFF, 0xFF, 0xFF, 0x01, 0x00, 0x00, 0xFF, 0xFF, 0xFF,
    0xFF, 0x03, 0x00, 0x00, 0xFE, 0xFF, 0xFF, 0xFF, 0x07, 0x00, 0x00, 0xFE, 0xFF, 0xFF, 0xFF, 0x1F,
    0x00, 0x00, 0xFC, 0xFF, 0xFF, 0xFF, 0x7F, 0x00, 0x00, 0xFC, 0xFF, 0xFF, 0xFF, 0xFF, 0x00, 0x00,
    0xF8, 0xFF, 0xBF, 0xFF, 0xFF, 0x03, 0x00, 0xF8, 0xFF, 0x3F, 0xFF, 0xFF, 0x1F, 0x00, 0xFC, 0xFF,
    0x7F, 0xFE, 0xFF, 0xFF, 0x00, 0xFE, 0xFF, 0xFF, 0xF8, 0xFF, 0xFF, 0xFF, 0xFF, 0xFF, 0xFF, 0xF0,
    0xFF, 0xFF, 0xFF, 0xFF, 0xFF, 0xFF, 0xC1, 0xFF, 0xFF, 0xFF, 0xFF, 0xFF, 0xFF, 0x01, 0xFF, 0xFF,
    0xFF, 0xFF, 0xFF, 0xFF, 0x01, 0xFE, 0xFF, 0xFF, 0xFF, 0xFF, 0xFF, 0x03, 0xF8, 0xFF, 0xFF, 0xFF,
    0xFF, 0xFF, 0x03, 0xE0, 0xFF, 0xFF, 0xFF, 0xFF, 0xFF, 0x03, 0x80, 0xFF, 0xFF, 0xFF, 0xFF, 0xFF,
    0x03, 0x00, 0xFC, 0xFF, 0xFF, 0xFF, 0xFF, 0x01, 0x00, 0xF0, 0xFF, 0xFF, 0xFF, 0xFF, 0x01, 0x00,
    0x80, 0xFF, 0xFF, 0xFF, 0xFF, 0x00, 0x00, 0x00, 0xFC, 0xFF, 0xFF, 0x7F, 0x00, 0x00, 0x00, 0xC0,
    0xFF, 0xFF, 0x1F, 0x00, 0x00, 0x00, 0x00, 0xF8, 0xFF, 0x01, 0x00, 0x00,
    // Unicode: [0x0039]
    0x00, 0x00, 0x80, 0xFF, 0x03, 0x00, 0x00, 0x00, 0x00, 0xE0, 0xFF, 0xFF, 0x00, 0x00, 0x00, 0x00,
    0xE0, 0xFF, 0xFF, 0x1F, 0x00, 0x00, 0x00, 0xE0, 0xFF, 0xFF, 0xFF, 0x01, 0x00, 0x00, 0xE0, 0xFF,
    0xFF, 0xFF, 0x0F, 0x00, 0x00, 0xC0, 0xFF, 0xFF, 0xFF, 0xFF, 0x00, 0x00, 0xC0, 0xFF, 0xFF, 0xFF,
    0xFF, 0x07, 0x00, 0x80, 0xFF, 0xFF, 0xFF, 0xFF, 0x3F, 0x00, 0x00, 0xFF, 0xFF, 0xFF, 0xFF, 0xFF,
    0x01, 0x00, 0xFE, 0xFF, 0xFF, 0xFF, 0xFF, 0x0F, 0x00, 0xF8, 0xFF, 0xFF, 0xFF, 0xFF, 0x7F, 0x00,
    0xF0, 0xFF, 0xFF, 0xFF, 0xFF, 0xFF, 0x01, 0xE0, 0xFF, 0xFF, 0xFF, 0xFF, 0xFF, 0x0F, 0x80, 0xFF,
    0xFF, 0xFF, 0xFF, 0xFF, 0x7F, 0x00, 0xFF, 0xFF, 0x3F, 0xF0, 0xFF, 0xFF, 0x01, 0xFE, 0xFF, 0x1F,
    0x00, 0xFF, 0xFF, 0x0F, 0xF8, 0xFF, 0x3F, 0x00, 0xF0, 0xFF, 0x3F, 0xE0, 0xFF, 0x7F, 0x00, 0x80,
    0xFF, 0xFF, 0xC0, 0xFF, 0xFF, 0x00, 0x00, 0xFE, 0xFF, 0x07, 0xFF, 0xFF, 0x03, 0x00, 0xF0, 0xFF,
    0x1F, 0xFE, 0xFF, 0x07, 0x00, 0x80, 0xFF, 0xFF, 0xF8, 0xFF, 0x1F, 0x00, 0x00, 0xFE, 0xFF, 0xE3,
    0xFF, 0x3F, 0x00, 0x00, 0xF8, 0xFF, 0x8F, 0xFF, 0xFF, 0x00, 0x00, 0xC0, 0xFF, 0x3F, 0xFE, 0xFF,
    0x03, 0x00, 0x00, 0xFF, 0xFF, 0xFD, 0xFF, 0x07, 0x00, 0x00, 0xFC, 0xFF, 0xF7, 0xFF, 0x1F, 0x00,
    0x00, 0xF0, 0xFF, 0xDF, 0xFF, 0x7F, 0x00, 0x00, 0xC0, 0xFF, 0x7F, 0xFF, 0xFF, 0x01, 0x00, 0x00,
    0xFE, 0xFF, 0xFD, 0xFF, 0x07, 0x00, 0x00, 0xF8, 0xFF, 0xF7, 0xFF, 0x1F, 0x00, 0x00, 0xE0, 0xFF,
    0xDF, 0xFF, 0x7F, 0x00, 0x00, 0x80, 0xFF, 0xFF, 0xFF, 0xFF, 0x01, 0x00, 0x00, 0xFE, 0xFF, 0xFF,
    0xFF, 0x07, 0x00, 0x00, 0xF8, 0xFF, 0xFF, 0xFF, 0x1F, 0x00, 0x00, 0xE0, 0xFF, 0xFF, 0xFF, 0xFF,
    0x00, 0x00, 0x80, 0xFF, 0xFF, 0xFE, 0xFF, 0x03, 0x00, 0x00, 0xFE, 0xFF, 0xFB, 0xFF, 0x0F, 0x00,
    0x00, 0xF8, 0xFF, 0xEF, 0xFF, 0x7F, 0x00, 0x00, 0xF0, 0xFF, 0xBF, 0xFF, 0xFF, 0x01, 0x00, 0xC0,
    0xFF, 0xFF, 0xFE, 0xFF, 0x0F, 0x00, 0x80, 0xFF, 0xFF, 0xF3, 0xFF, 0x7F, 0x00, 0x00, 0xFF, 0xFF,
    0xCF, 0xFF, 0xFF, 0x03, 0x00, 0xFE, 0xFF, 0x3F, 0xFF, 0xFF, 0x1F, 0x00, 0xFE, 0xFF, 0xFF, 0xF8,
    0xFF, 0xFF, 0x03, 0xFE, 0xFF, 0xFF, 0xE3, 0xFF, 0xFF, 0xFF, 0xFF, 0xFF, 0xFF, 0x0F, 0xFF, 0xFF,
    0xFF, 0xFF, 0xFF, 0xFF, 0x1F, 0xFC, 0xFF, 0xFF, 0xFF, 0xFF, 0xFF, 0x7F, 0xE0, 0xFF, 0xFF, 0xFF,
    0xFF, 0xFF, 0xFF, 0x01, 0xFF, 0xFF, 0xFF, 0xFF, 0xFF, 0xFF, 0x07, 0xFC, 0xFF, 0xFF, 0xFF, 0xFF,
    0xFF, 0x1F, 0xE0, 0xFF, 0xFF, 0xFF, 0xFF, 0xFF, 0x7F, 0x00, 0xFF, 0xFF, 0xFF, 0xFF, 0xFF, 0xFF,
    0x01, 0xF8, 0xFF, 0xFF, 0xFF, 0xFD, 0xFF, 0x07, 0xC0, 0xFF, 0xFF, 0xFF, 0xF3, 0xFF, 0x0F, 0x00,
    0xFC, 0xFF, 0xFF, 0xC7, 0xFF, 0x3F, 0x00, 0xC0, 0xFF, 0xFF, 0x07, 0xFF, 0xFF, 0x00, 0x00, 0xFC,
    0xFF, 0x07, 0xFC, 0xFF, 0x03, 0x00, 0x80, 0xFF, 0x03, 0xF8, 0xFF, 0x07, 0x00, 0x00, 0x00, 0x00,
    0xE0, 0xFF, 0x1F, 0x00, 0x00, 0x00, 0x00, 0x80, 0xFF, 0x7F, 0x00, 0x00, 0x00, 0x00, 0x00, 0xFF,
    0xFF, 0x00, 0x00, 0x00, 0x00, 0x00, 0xFC, 0xFF, 0x03, 0x00, 0x00, 0x00, 0x00, 0xF8, 0xFF, 0x0F,
    0x00, 0x00, 0x00, 0x00, 0xF0, 0xFF, 0x1F, 0x00, 0x00, 0x00, 0x00, 0xE0, 0xFF, 0x7F, 0x00, 0x00,
    0x00, 0x00, 0x80, 0xFF, 0xFF, 0x00, 0x00, 0x00, 0x00, 0x80, 0xFF, 0xFF, 0x03, 0x00, 0x00, 0x00,
    0x00, 0xFF, 0xFF, 0x07, 0x00, 0x00, 0x00, 0x00, 0xFF, 0xFF, 0x0F, 0x00, 0x00, 0x00, 0x00, 0xFF,
    0xFF, 0x3F, 0x00, 0x00, 0x00, 0x00, 0xFF, 0xFF, 0x7F, 0x00, 0x00, 0x00, 0xE0, 0xFF, 0xFF, 0xFF,
    0x00, 0x00, 0x80, 0xFF, 0xFF, 0xFF, 0xFF, 0x01, 0x00, 0x00, 0xFE, 0xFF, 0xFF, 0xFF, 0x07, 0x00,
    0x00, 0xF8, 0xFF, 0xFF, 0xFF, 0x0F, 0x00, 0x00, 0xE0, 0xFF, 0xFF, 0xFF, 0x1F, 0x00, 0x00, 0x80,
    0xFF, 0xFF, 0xFF, 0x1F, 0x00, 0x00, 0x00, 0xFE, 0xFF, 0xFF, 0x3F, 0x00, 0x00, 0x00, 0xF8, 0xFF,
    0xFF, 0x7F, 0x00, 0x00, 0x00, 0xE0, 0xFF, 0xFF, 0x7F, 0x00, 0x00, 0x00, 0x80, 0xFF, 0xFF, 0xFF,
    0x00, 0x00, 0x00, 0x00, 0xFE, 0xFF, 0xFF, 0x00, 0x00, 0x00, 0x00, 0xF8, 0xFF, 0xFF, 0x00, 0x00,
    0x00, 0x00, 0xE0, 0xFF, 0x7F, 0x00, 0x00, 0x00, 0x00, 0x80, 0xFF, 0x1F, 0x00, 0x00, 0x00, 0x00,
    0x00, 0xFE, 0x03, 0x00, 0x00, 0x00, 0x00,
    // Unicode: [0x0041]
    0x00, 0x00, 0x00, 0x00, 0xFF, 0xFF, 0x01, 0x00, 0x00, 0x00, 0x00, 0x00, 0x00, 0x00, 0xFF, 0xFF,
    0x01, 0x00, 0x00, 0x00, 0x00, 0x00, 0x00, 0x80, 0xFF, 0xFF, 0x01, 0x00, 0x00, 0x00, 0x00, 0x00,
    0x00, 0x80, 0xFF, 0xFF, 0x03, 0x00, 0x00, 0x00, 0x00, 0x00, 0x00, 0xC0, 0xFF, 0xFF, 0x03, 0x00,
    0x00, 0x00, 0x00, 0x00, 0x00, 0xC0, 0xFF, 0xFF, 0x07, 0x00, 0x00, 0x00, 0x00, 0x00, 0x00, 0xC0,
    0xFF, 0xFF, 0x07, 0x00, 0x00, 0x00, 0x00, 0x00, 0x00, 0xE0, 0xFF, 0xFF, 0x07, 0x00, 0x00, 0x00,
    0x00, 0x00, 0x00, 0xE0, 0xFF, 0xFF, 0x0F, 0x00, 0x00, 0x00, 0x00, 0x00, 0x00, 0xE0, 0xFF, 0xFF,
    0x0F, 0x00, 0x00, 0x00, 0x00, 0x00, 0x00, 0xF0, 0xFF, 0xFF, 0x0F, 0x00, 0x00, 0x00, 0x00, 0x00,
    0x00, 0xF0, 0xFF, 0xFF, 0x1F, 0x00, 0x00, 0x00, 0x00, 0x00, 0x00, 0xF8, 0xFF, 0xFF, 0x1F, 0x00,
    0x00, 0x00, 0x00, 0x00, 0x00, 0xF8, 0xFF, 0xFF, 0x3F, 0x00, 0x00, 0x00, 0x00, 0x00, 0x00, 0xF8,
    0xFF, 0xFF, 0x3F, 0x00, 0x00, 0x00, 0x00, 0x00, 0x00, 0xFC, 0xFF, 0xFF, 0x3F, 0x00, 0x00, 0x00,
    0x00, 0x00, 0x00, 0xFC, 0xFF, 0xFF, 0x7F, 0x00, 0x00, 0x00, 0x00, 0x00, 0x00, 0xFC, 0xFF, 0xFF,
    0x7F, 0x00, 0x00, 0x00, 0x00, 0x00, 0x00, 0xFE, 0xFF, 0xFF, 0x7F, 0x00, 0x00, 0x00, 0x00, 0x00,
    0x00, 0xFE, 0xFF, 0xFF, 0xFF, 0x00, 0x00, 0x00, 0x00, 0x00, 0x00, 0xFF, 0xFF, 0xFF, 0xFF, 0x00,
    0x00, 0x00, 0x00, 0x00, 0x00, 0xFF, 0xFF, 0xFF, 0xFF, 0x01, 0x00, 0x00, 0x00, 0x00, 0x00, 0xFF,
    0xFF, 0xFE, 0xFF, 0x01, 0x00, 0x00, 0x00, 0x00, 0x80, 0xFF, 0xFF, 0xFE, 0xFF, 0x01, 0x00, 0x00,
    0x00, 0x00, 0x80, 0xFF, 0x7F, 0xFE, 0xFF, 0x03, 0x00, 0x00, 0x00, 0x00, 0x80, 0xFF, 0x7F, 0xFC,
    0xFF, 0x03, 0x00, 0x00, 0x00, 0x00, 0xC0, 0xFF, 0x7F, 0xFC, 0xFF, 0x03, 0x00, 0x00, 0x00, 0x00,
    0xC0, 0xFF, 0x3F, 0xFC, 0xFF, 0x07, 0x00, 0x00, 0x00, 0x00, 0xC0, 0xFF, 0x3F, 0xF8, 0xFF, 0x07,
    0x00, 0x00, 0x00, 0x00, 0xE0, 0xFF, 0x3F, 0xF8, 0xFF, 0x0F, 0x00, 0x00, 0x00, 0x00, 0xE0, 0xFF,
    0x1F, 0xF8, 0xFF, 0x0F, 0x00, 0x00, 0x00, 0x00, 0xF0, 0xFF, 0x1F, 0xF0, 0xFF, 0x0F, 0x00, 0x00,
    0x00, 0x00, 0xF0, 0xFF, 0x1F, 0xF0, 0xFF, 0x1F, 0x00, 0x00, 0x00, 0x00, 0xF0, 0xFF, 0x0F, 0xF0,
    0xFF, 0x1F, 0x00, 0x00, 0x00, 0x00, 0xF8, 0xFF, 0x0F, 0xE0, 0xFF, 0x1F, 0x00, 0x00, 0x00, 0x00,
    0xF8, 0xFF, 0x0F, 0xE0, 0xFF, 0x3F, 0x00, 0x00, 0x00, 0x00, 0xF8, 0xFF, 0x07, 0xE0, 0xFF, 0x3F,
    0x00, 0x00, 0x00, 0x00, 0xFC, 0xFF, 0x07, 0xC0, 0xFF, 0x7F, 0x00, 0x00, 0x00, 0x00, 0xFC, 0xFF,
    0x07, 0xC0, 0xFF, 0x7F, 0x00, 0x00, 0x00, 0x00, 0xFE, 0xFF, 0x03, 0xC0, 0xFF, 0x7F, 0x00, 0x00,
    0x00, 0x00, 0xFE, 0xFF, 0x03, 0x80, 0xFF, 0xFF, 0x00, 0x00, 0x00, 0x00, 0xFE, 0xFF, 0x03, 0x80,
    0xFF, 0xFF, 0x00, 0x00, 0x00, 0x00, 0xFF, 0xFF, 0x01, 0x80, 0xFF, 0xFF, 0x00, 0x00, 0x00, 0x00,
    0xFF, 0xFF, 0x01, 0x00, 0xFF, 0xFF, 0x01, 0x00, 0x00, 0x00, 0xFF, 0xFF, 0x01, 0x00, 0xFF, 0xFF,
    0x01, 0x00, 0x00, 0x80, 0xFF, 0xFF, 0x00, 0x00, 0xFF, 0xFF, 0x03, 0x00, 0x00, 0x80, 0xFF, 0xFF,
    0x00, 0x00, 0xFE, 0xFF, 0x03, 0x00, 0x00, 0xC0, 0xFF, 0xFF, 0x00, 0x00, 0xFE, 0xFF, 0x03, 0x00,
    0x00, 0xC0, 0xFF, 0x7F, 0x00, 0x00, 0xFE, 0xFF, 0x07, 0x00, 0x00, 0xC0, 0xFF, 0x7F, 0x00, 0x00,
    0xFC, 0xFF, 0x07, 0x00, 0x00, 0xE0, 0xFF, 0x7F, 0x00, 0x00, 0xFC, 0xFF, 0x07, 0x00, 0x00, 0xE0,
    0xFF, 0x3F, 0x00, 0x00, 0xF8, 0xFF, 0x0F, 0x00, 0x00, 0xE0, 0xFF, 0x3F, 0x00, 0x00, 0xF8, 0xFF,
    0x0F, 0x00, 0x00, 0xF0, 0xFF, 0xFF, 0xFF, 0xFF, 0xFF, 0xFF, 0x1F, 0x00, 0x00, 0xF0, 0xFF, 0xFF,
    0xFF, 0xFF, 0xFF, 0xFF, 0x1F, 0x00, 0x00, 0xF8, 0xFF, 0xFF, 0xFF, 0xFF, 0xFF, 0xFF, 0x1F, 0x00,
    0x00, 0xF8, 0xFF, 0xFF, 0xFF, 0xFF, 0xFF, 0xFF, 0x3F, 0x00, 0x00, 0xF8, 0xFF, 0xFF, 0xFF, 0xFF,
    0xFF, 0xFF, 0x3F, 0x00, 0x00, 0xFC, 0xFF, 0xFF, 0xFF, 0xFF, 0xFF, 0xFF, 0x3F, 0x00, 0x00, 0xFC,
    0xFF, 0xFF, 0xFF, 0xFF, 0xFF, 0xFF, 0x7F, 0x00, 0x00, 0xFC, 0xFF, 0xFF, 0xFF, 0xFF, 0xFF, 0xFF,
    0x7F, 0x00, 0x00, 0xFE, 0xFF, 0xFF, 0xFF, 0xFF, 0xFF, 0xFF, 0xFF, 0x00, 0x00, 0xFE, 0xFF, 0xFF,
    0xFF, 0xFF, 0xFF, 0xFF, 0xFF, 0x00, 0x00, 0xFF, 0xFF, 0xFF, 0xFF, 0xFF, 0xFF, 0xFF, 0xFF, 0x00,
    0x00, 0xFF, 0xFF, 0xFF, 0xFF, 0xFF, 0xFF, 0xFF, 0xFF, 0x01, 0x00, 0xFF, 0xFF, 0xFF, 0xFF, 0xFF,
    0xFF, 0xFF, 0xFF, 0x01, 0x80, 0xFF, 0xFF, 0xFF, 0xFF, 0xFF, 0xFF, 0xFF, 0xFF, 0x01, 0x80, 0xFF,
    0xFF, 0x01, 0x00, 0x00, 0x00, 0xFF, 0xFF, 0x03, 0x80, 0xFF, 0xFF, 0x01, 0x00, 0x00, 0x00, 0xFF,
    0xFF, 0x03, 0xC0, 0xFF, 0xFF, 0x00, 0x00, 0x00, 0x00, 0xFE, 0xFF, 0x07, 0xC0, 0xFF, 0xFF, 0x00,
    0x00, 0x00, 0x00, 0xFE, 0xFF, 0x07, 0xE0, 0xFF, 0xFF, 0x00, 0x00, 0x00, 0x00, 0xFE, 0xFF, 0x07,
    0xE0, 0xFF, 0x7F, 0x00, 0x00, 0x00, 0x00, 0xFC, 0xFF, 0x0F, 0xE0, 0xFF, 0x7F, 0x00, 0x00, 0x00,
    0x00, 0xFC, 0xFF, 0x0F, 0xF0, 0xFF, 0x7F, 0x00, 0x00, 0x00, 0x00, 0xFC, 0xFF, 0x0F, 0xF0, 0xFF,
    0x3F, 0x00, 0x00, 0x00, 0x00, 0xF8, 0xFF, 0x1F, 0xF0, 0xFF, 0x3F, 0x00, 0x00, 0x00, 0x00, 0xF8,
    0xFF, 0x1F, 0xF8, 0xFF, 0x3F, 0x00, 0x00, 0x00, 0x00, 0xF8, 0xFF, 0x3F, 0xF8, 0xFF, 0x1F, 0x00,
    0x00, 0x00, 0x00, 0xF0, 0xFF, 0x3F, 0xFC, 0xFF, 0x1F, 0x00, 0x00, 0x00, 0x00, 0xF0, 0xFF, 0x3F,
    0xFC, 0xFF, 0x1F, 0x00, 0x00, 0x00, 0x00, 0xF0, 0xFF, 0x7F, 0xFC, 0xFF, 0x0F, 0x00, 0x00, 0x00,
    0x00, 0xE0, 0xFF, 0x7F, 0xFE, 0xFF, 0x0F, 0x00, 0x00, 0x00, 0x00, 0xE0, 0xFF, 0x7F, 0xFE, 0xFF,
    0x0F, 0x00, 0x00, 0x00, 0x00, 0xE0, 0xFF, 0xFF, 0xFF, 0xFF, 0x07, 0x00, 0x00, 0x00, 0x00, 0xC0,
    0xFF, 0xFF,
    // Unicode: [0x0042]
    0xFF, 0xFF, 0xFF, 0xFF, 0x3F, 0x00, 0x00, 0x80, 0xFF, 0xFF, 0xFF, 0xFF, 0xFF, 0x03, 0x00, 0xC0,
    0xFF, 0xFF, 0xFF, 0xFF, 0xFF, 0x1F, 0x00, 0xE0, 0xFF, 0xFF, 0xFF, 0xFF, 0xFF, 0x3F, 0x00, 0xF0,
    0xFF, 0xFF, 0xFF, 0xFF, 0xFF, 0x7F, 0x00, 0xF8, 0xFF, 0xFF, 0xFF, 0xFF, 0xFF, 0xFF, 0x00, 0xFC,
    0xFF, 0xFF, 0xFF, 0xFF, 0xFF, 0xFF, 0x00, 0xFE, 0xFF, 0xFF, 0xFF, 0xFF, 0xFF, 0xFF, 0x00, 0xFF,
    0xFF, 0xFF, 0xFF, 0xFF, 0xFF, 0xFF, 0x80, 0xFF, 0xFF, 0xFF, 0xFF, 0xFF, 0xFF, 0xFF, 0xC0, 0xFF,
    0xFF, 0xFF, 0xFF, 0xFF, 0xFF, 0xFF, 0xE0, 0xFF, 0xFF, 0xFF, 0xFF, 0xFF, 0xFF, 0x7F, 0xF0, 0xFF,
    0xFF, 0xFF, 0xFF, 0xFF, 0xFF, 0x7F, 0xF8, 0xFF, 0xFF, 0xFF, 0xFF, 0xFF, 0xFF, 0x3F, 0xFC, 0xFF,
    0x07, 0x00, 0xE0, 0xFF, 0xFF, 0x3F, 0xFE, 0xFF, 0x03, 0x00, 0x80, 0xFF, 0xFF, 0x1F, 0xFF, 0xFF,
    0x01, 0x00, 0x00, 0xFF, 0xFF, 0x8F, 0xFF, 0xFF, 0x00, 0x00, 0x00, 0xFF, 0xFF, 0xCF, 0xFF, 0x7F,
    0x00, 0x00, 0x00, 0xFF, 0xFF, 0xE7, 0xFF, 0x3F, 0x00, 0x00, 0x00, 0xFF, 0xFF, 0xF3, 0xFF, 0x1F,
    0x00, 0x00, 0x80, 0xFF, 0xFF, 0xF9, 0xFF, 0x0F, 0x00, 0x00, 0xC0, 0xFF, 0xFF, 0xFC, 0xFF, 0x07,
    0x00, 0x00, 0xE0, 0xFF, 0x7F, 0xFE, 0xFF, 0x03, 0x00, 0x00, 0xE0, 0xFF, 0x3F, 0xFF, 0xFF, 0x01,
    0x00, 0x00, 0xF0, 0xFF, 0x9F, 0xFF, 0xFF, 0x00, 0x00, 0x00, 0xF8, 0xFF, 0xCF, 0xFF, 0x7F, 0x00,
    0x00, 0x00, 0xFC, 0xFF, 0xE7, 0xFF, 0x3F, 0x00, 0x00, 0x00, 0xFF, 0xFF, 0xF3, 0xFF, 0x1F, 0x00,
    0x00, 0x80, 0xFF, 0xFF, 0xF9, 0xFF, 0x0F, 0x00, 0x00, 0xC0, 0xFF, 0x7F, 0xFC, 0xFF, 0x07, 0x00,
    0x00, 0xE0, 0xFF, 0x3F, 0xFE, 0xFF, 0x03, 0x00, 0x00, 0xF8, 0xFF, 0x1F, 0xFF, 0xFF, 0x01, 0x00,
    0x00, 0xFE, 0xFF, 0x87, 0xFF, 0xFF, 0x00, 0x00, 0x80, 0xFF, 0xFF, 0xC3, 0xFF, 0x7F, 0x00, 0x00,
    0xF0, 0xFF, 0xFF, 0xE0, 0xFF, 0x3F, 0x00, 0x00, 0xFF, 0xFF, 0x3F, 0xF0, 0xFF, 0xFF, 0xFF, 0xFF,
    0xFF, 0xFF, 0x0F, 0xF8, 0xFF, 0xFF, 0xFF, 0xFF, 0xFF, 0xFF, 0x03, 0xFC, 0xFF, 0xFF, 0xFF, 0xFF,
    0xFF, 0xFF, 0x00, 0xFE, 0xFF, 0xFF, 0xFF, 0xFF, 0xFF, 0x3F, 0x00, 0xFF, 0xFF, 0xFF, 0xFF, 0xFF,
    0xFF, 0x07, 0x80, 0xFF, 0xFF, 0xFF, 0xFF, 0xFF, 0xFF, 0x00, 0xC0, 0xFF, 0xFF, 0xFF, 0xFF, 0xFF,
    0xFF, 0x03, 0xE0, 0xFF, 0xFF, 0xFF, 0xFF, 0xFF, 0xFF, 0x07, 0xF0, 0xFF, 0xFF, 0xFF, 0xFF, 0xFF,
    0xFF, 0x0F, 0xF8, 0xFF, 0xFF, 0xFF, 0xFF, 0xFF, 0xFF, 0x0F, 0xFC, 0xFF, 0xFF, 0xFF, 0xFF, 0xFF,
    0xFF, 0x0F, 0xFE, 0xFF, 0xFF, 0xFF, 0xFF, 0xFF, 0xFF, 0x0F, 0xFF, 0xFF, 0x01, 0x00, 0xC0, 0xFF,
    0xFF, 0x8F, 0xFF, 0xFF, 0x00, 0x00, 0x80, 0xFF, 0xFF, 0xC7, 0xFF, 0x7F, 0x00, 0x00, 0x00, 0xFF,
    0xFF, 0xE7, 0xFF, 0x3F, 0x00, 0x00, 0x00, 0xFF, 0xFF, 0xF3, 0xFF, 0x1F, 0x00, 0x00, 0x00, 0xFF,
    0xFF, 0xFB, 0xFF, 0x0F, 0x00, 0x00, 0x80, 0xFF, 0xFF, 0xFD, 0xFF, 0x07, 0x00, 0x00, 0x80, 0xFF,
    0xFF, 0xFF, 0xFF, 0x03, 0x00, 0x00, 0xC0, 0xFF, 0xFF, 0xFF, 0xFF, 0x01, 0x00, 0x00, 0xE0, 0xFF,
    0xFF, 0xFF, 0xFF, 0x00, 0x00, 0x00, 0xF0, 0xFF, 0xFF, 0xFF, 0x7F, 0x00, 0x00, 0x00, 0xF0, 0xFF,
    0xFF, 0xFF, 0x3F, 0x00, 0x00, 0x00, 0xF8, 0xFF, 0xFF, 0xFF, 0x1F, 0x00, 0x00, 0x00, 0xFC, 0xFF,
    0xFF, 0xFF, 0x0F, 0x00, 0x00, 0x00, 0xFE, 0xFF, 0xFF, 0xFF, 0x07, 0x00, 0x00, 0x80, 0xFF, 0xFF,
    0xFF, 0xFF, 0x03, 0x00, 0x00, 0xC0, 0xFF, 0xFF, 0xFF, 0xFF, 0x01, 0x00, 0x00, 0xE0, 0xFF, 0xFF,
    0xFF, 0xFF, 0x00, 0x00, 0x00, 0xF8, 0xFF, 0xFF, 0xFF, 0x7F, 0x00, 0x00, 0x00, 0xFC, 0xFF, 0xFF,
    0xFF, 0x3F, 0x00, 0x00, 0x00, 0xFF, 0xFF, 0xF7, 0xFF, 0x1F, 0x00, 0x00, 0xC0, 0xFF, 0xFF, 0xFB,
    0xFF, 0x0F, 0x00, 0x00, 0xF8, 0xFF, 0xFF, 0xFD, 0xFF, 0x07, 0x00, 0x80, 0xFF, 0xFF, 0x7F, 0xFE,
    0xFF, 0xFF, 0xFF, 0xFF, 0xFF, 0xFF, 0x3F, 0xFF, 0xFF, 0xFF, 0xFF, 0xFF, 0xFF, 0xFF, 0x9F, 0xFF,
    0xFF, 0xFF, 0xFF, 0xFF, 0xFF, 0xFF, 0xC7, 0xFF, 0xFF, 0xFF, 0xFF, 0xFF, 0xFF, 0xFF, 0xE1, 0xFF,
    0xFF, 0xFF, 0xFF, 0xFF, 0xFF, 0x7F, 0xF0, 0xFF, 0xFF, 0xFF, 0xFF, 0xFF, 0xFF, 0x3F, 0xF8, 0xFF,
    0xFF, 0xFF, 0xFF, 0xFF, 0xFF, 0x0F, 0xFC, 0xFF, 0xFF, 0xFF, 0xFF, 0xFF, 0xFF, 0x03, 0xFE, 0xFF,
    0xFF, 0xFF, 0xFF, 0xFF, 0x7F, 0x00, 0xFF, 0xFF, 0xFF, 0xFF, 0xFF, 0xFF, 0x1F, 0x80, 0xFF, 0xFF,
    0xFF, 0xFF, 0xFF, 0xFF, 0x03, 0xC0, 0xFF, 0xFF, 0xFF, 0xFF, 0xFF, 0x3F, 0x00, 0xE0, 0xFF, 0xFF,
    0xFF, 0xFF, 0xFF, 0x03, 0x00, 0xF0, 0xFF, 0xFF, 0xFF, 0xFF, 0x1F, 0x00, 0x00, 0x00,
    // Unicode: [0x0043]
    0x00, 0x00, 0x00, 0xE0, 0xFF, 0x07, 0x00, 0x00, 0x00, 0x00, 0x00, 0x80, 0xFF, 0xFF, 0x1F, 0x00,
    0x00, 0x00, 0x00, 0x00, 0xFC, 0xFF, 0xFF, 0x3F, 0x00, 0x00, 0x00, 0x00, 0xE0, 0xFF, 0xFF, 0xFF,
    0x7F, 0x00, 0x00, 0x00, 0x00, 0xFC, 0xFF, 0xFF, 0xFF, 0x3F, 0x00, 0x00, 0x00, 0xC0, 0xFF, 0xFF,
    0xFF, 0xFF, 0x3F, 0x00, 0x00, 0x00, 0xF8, 0xFF, 0xFF, 0xFF, 0xFF, 0x3F, 0x00, 0x00, 0x80, 0xFF,
    0xFF, 0xFF, 0xFF, 0xFF, 0x1F, 0x00, 0x00, 0xF0, 0xFF, 0xFF, 0xFF, 0xFF, 0xFF, 0x0F, 0x00, 0x00,
    0xFE, 0xFF, 0xFF, 0xFF, 0xFF, 0xFF, 0x07, 0x00, 0xC0, 0xFF, 0xFF, 0xFF, 0xFF, 0xFF, 0xFF, 0x03,
    0x00, 0xF8, 0xFF, 0xFF, 0xFF, 0xFF, 0xFF, 0xFF, 0x01, 0x00, 0xFF, 0xFF, 0xFF, 0xFF, 0xFF, 0xFF,
    0x7F, 0x00, 0xC0, 0xFF, 0xFF, 0xFF, 0xFF, 0xFF, 0xFF, 0x3F, 0x00, 0xF8, 0xFF, 0xFF, 0x07, 0xE0,
    0xFF, 0xFF, 0x1F, 0x00, 0xFF, 0xFF, 0x3F, 0x00, 0xC0, 0xFF, 0xFF, 0x07, 0xC0, 0xFF, 0xFF, 0x03,
    0x00, 0xC0, 0xFF, 0xFF, 0x03, 0xF8, 0xFF, 0x7F, 0x00, 0x00, 0xE0, 0xFF, 0xFF, 0x00, 0xFE, 0xFF,
    0x0F, 0x00, 0x00, 0xF0, 0xFF, 0x7F, 0xC0, 0xFF, 0xFF, 0x01, 0x00, 0x00, 0xF8, 0xFF, 0x1F, 0xF0,
    0xFF, 0x3F, 0x00, 0x00, 0x00, 0xFC, 0xFF, 0x0F, 0xFE, 0xFF, 0x0F, 0x00, 0x00, 0x00, 0xFF, 0xFF,
    0x83, 0xFF, 0xFF, 0x01, 0x00, 0x00, 0x80, 0xFF, 0xFF, 0xE0, 0xFF, 0x7F, 0x00, 0x00, 0x00, 0xE0,
    0xFF, 0x7F, 0xFC, 0xFF, 0x0F, 0x00, 0x00, 0x00, 0xF8, 0xFF, 0x1F, 0xFF, 0xFF, 0x03, 0x00, 0x00,
    0x00, 0xFE, 0xFF, 0xC7, 0xFF, 0xFF, 0x00, 0x00, 0x00, 0x00, 0xFF, 0xFF, 0xF9, 0xFF, 0x1F, 0x00,
    0x00, 0x00, 0xC0, 0xFF, 0x7F, 0xFE, 0xFF, 0x07, 0x00, 0x00, 0x00, 0xF0, 0xFF, 0xBF, 0xFF, 0xFF,
    0x01, 0x00, 0x00, 0x00, 0xFC, 0xFF, 0xEF, 0xFF, 0x7F, 0x00, 0x00, 0x00, 0x00, 0x00, 0x00, 0xF8,
    0xFF, 0x0F, 0x00, 0x00, 0x00, 0x00, 0x00, 0x00, 0xFE, 0xFF, 0x03, 0x00, 0x00, 0x00, 0x00, 0x00,
    0xC0, 0xFF, 0xFF, 0x00, 0x00, 0x00, 0x00, 0x00, 0x00, 0xF0, 0xFF, 0x3F, 0x00, 0x00, 0x00, 0x00,
    0x00, 0x00, 0xFC, 0xFF, 0x0F, 0x00, 0x00, 0x00, 0x00, 0x00, 0x00, 0xFF, 0xFF, 0x03, 0x00, 0x00,
    0x00, 0x00, 0x00, 0xC0, 0xFF, 0xFF, 0x00, 0x00, 0x00, 0x00, 0x00, 0x00, 0xF0, 0xFF, 0x3F, 0x00,
    0x00, 0x00, 0x00, 0x00, 0x00, 0xFC, 0xFF, 0x0F, 0x00, 0x00, 0x00, 0x00, 0x00, 0x00, 0xFF, 0xFF,
    0x03, 0x00, 0x00, 0x00, 0x00, 0x00, 0xC0, 0xFF, 0xFF, 0x00, 0x00, 0x00, 0x00, 0x00, 0x00, 0xF0,
    0xFF, 0x3F, 0x00, 0x00, 0x00, 0x00, 0x00, 0x00, 0xFC, 0xFF, 0x0F, 0x00, 0x00, 0x00, 0x00, 0x00,
    0x00, 0xFF, 0xFF, 0x03, 0x00, 0x00, 0x00, 0x00, 0x00, 0xC0, 0xFF, 0xFF, 0x00, 0x00, 0x00, 0x00,
    0x00, 0x00, 0xF0, 0xFF, 0x3F, 0x00, 0x00, 0x00, 0x00, 0x00, 0x00, 0xFC, 0xFF, 0x0F, 0x00, 0x00,
    0x00, 0x00, 0x00, 0x00, 0xFF, 0xFF, 0x03, 0x00, 0x00, 0x00, 0x00, 0x00, 0xC0, 0xFF, 0xFF, 0x00,
    0x00, 0x00, 0x00, 0x00, 0x00, 0xF0, 0xFF, 0x3F, 0x00, 0x00, 0x00, 0x00, 0x00, 0x00, 0xFC, 0xFF,
    0x0F, 0x00, 0x00, 0x00, 0x00, 0x00, 0x00, 0xFF, 0xFF, 0x03, 0x00, 0x00, 0x00, 0x00, 0x00, 0xC0,
    0xFF, 0xFF, 0x00, 0x00, 0x00, 0x00, 0x00, 0x00, 0xE0, 0xFF, 0x3F, 0x00, 0x00, 0x00, 0x00, 0x00,
    0x00, 0xF8, 0xFF, 0x0F, 0x00, 0x00, 0x00, 0x00, 0x00, 0x00, 0xFE, 0xFF, 0x07, 0x00, 0x00, 0x00,
    0x00, 0x00, 0x80, 0xFF, 0xFF, 0x01, 0x00, 0x00, 0x00, 0xFC, 0xFF, 0xEF, 0xFF, 0x7F, 0x00, 0x00,
    0x00, 0x00, 0xFF, 0xFF, 0xFB, 0xFF, 0x1F, 0x00, 0x00, 0x00, 0xC0, 0xFF, 0x7F, 0xFC, 0xFF, 0x07,
    0x00, 0x00, 0x00, 0xF0, 0xFF, 0x1F, 0xFF, 0xFF, 0x03, 0x00, 0x00, 0x00, 0xFE, 0xFF, 0xC7, 0xFF,
    0xFF, 0x00, 0x00, 0x00, 0x80, 0xFF, 0xFF, 0xE1, 0xFF, 0x3F, 0x00, 0x00, 0x00, 0xE0, 0xFF, 0x7F,
    0xF8, 0xFF, 0x1F, 0x00, 0x00, 0x00, 0xFC, 0xFF, 0x0F, 0xFE, 0xFF, 0x07, 0x00, 0x00, 0x00, 0xFF,
    0xFF, 0x03, 0xFF, 0xFF, 0x03, 0x00, 0x00, 0xC0, 0xFF, 0xFF, 0xC0, 0xFF, 0xFF, 0x01, 0x00, 0x00,
    0xF8, 0xFF, 0x1F, 0xE0, 0xFF, 0xFF, 0x00, 0x00, 0x00, 0xFF, 0xFF, 0x07, 0xF8, 0xFF, 0x7F, 0x00,
    0x00, 0xE0, 0xFF, 0xFF, 0x01, 0xFC, 0xFF, 0x3F, 0x00, 0x00, 0xFC, 0xFF, 0x3F, 0x00, 0xFF, 0xFF,
    0x3F, 0x00, 0xC0, 0xFF, 0xFF, 0x0F, 0x80, 0xFF, 0xFF, 0x7F, 0x00, 0xFE, 0xFF, 0xFF, 0x01, 0xE0,
    0xFF, 0xFF, 0xFF, 0xFF, 0xFF, 0xFF, 0x3F, 0x00, 0xF0, 0xFF, 0xFF, 0xFF, 0xFF, 0xFF, 0xFF, 0x0F,
    0x00, 0xF8, 0xFF, 0xFF, 0xFF, 0xFF, 0xFF, 0xFF, 0x01, 0x00, 0xFC, 0xFF, 0xFF, 0xFF, 0xFF, 0xFF,
    0x3F, 0x00, 0x00, 0xFE, 0xFF, 0xFF, 0xFF, 0xFF, 0xFF, 0x07, 0x00, 0x00, 0xFF, 0xFF, 0xFF, 0xFF,
    0xFF, 0xFF, 0x00, 0x00, 0x80, 0xFF, 0xFF, 0xFF, 0xFF, 0xFF, 0x1F, 0x00, 0x00, 0xC0, 0xFF, 0xFF,
    0xFF, 0xFF, 0xFF, 0x03, 0x00, 0x00, 0xE0, 0xFF, 0xFF, 0xFF, 0xFF, 0x3F, 0x00, 0x00, 0x00, 0xE0,
    0xFF, 0xFF, 0xFF, 0xFF, 0x07, 0x00, 0x00, 0x00, 0xE0, 0xFF, 0xFF, 0xFF, 0x7F, 0x00, 0x00, 0x00,
    0x00, 0xE0, 0xFF, 0xFF, 0xFF, 0x03, 0x00, 0x00, 0x00, 0x00, 0xC0, 0xFF, 0xFF, 0x1F, 0x00, 0x00,
    0x00, 0x00, 0x00, 0x00, 0xFF, 0x7F, 0x00, 0x00, 0x00, 0x00,
    // Unicode: [0x0044]
    0xFF, 0xFF, 0xFF, 0xFF, 0x01, 0x00, 0x00, 0x00, 0xFE, 0xFF, 0xFF, 0xFF, 0x3F, 0x00, 0x00, 0x00,
    0xFC, 0xFF, 0xFF, 0xFF, 0xFF, 0x07, 0x00, 0x00, 0xF8, 0xFF, 0xFF, 0xFF, 0xFF, 0x3F, 0x00, 0x00,
    0xF0, 0xFF, 0xFF, 0xFF, 0xFF, 0xFF, 0x01, 0x00, 0xE0, 0xFF, 0xFF, 0xFF, 0xFF, 0xFF, 0x0F, 0x00,
    0xC0, 0xFF, 0xFF, 0xFF, 0xFF, 0xFF, 0x3F, 0x00, 0x80, 0xFF, 0xFF, 0xFF, 0xFF, 0xFF, 0xFF, 0x01,
    0x00, 0xFF, 0xFF, 0xFF, 0xFF, 0xFF, 0xFF, 0x07, 0x00, 0xFE, 0xFF, 0xFF, 0xFF, 0xFF, 0xFF, 0x1F,
    0x00, 0xFC, 0xFF, 0xFF, 0xFF, 0xFF, 0xFF, 0x7F, 0x00, 0xF8, 0xFF, 0xFF, 0xFF, 0xFF, 0xFF, 0xFF,
    0x01, 0xF0, 0xFF, 0xFF, 0xFF, 0xFF, 0xFF, 0xFF, 0x07, 0xE0, 0xFF, 0xFF, 0xFF, 0xFF, 0xFF, 0xFF,
    0x1F, 0xC0, 0xFF, 0x7F, 0x00, 0xE0, 0xFF, 0xFF, 0x7F, 0x80, 0xFF, 0xFF, 0x00, 0x00, 0xFE, 0xFF,
    0xFF, 0x00, 0xFF, 0xFF, 0x01, 0x00, 0xE0, 0xFF, 0xFF, 0x03, 0xFE, 0xFF, 0x03, 0x00, 0x80, 0xFF,
    0xFF, 0x0F, 0xFC, 0xFF, 0x07, 0x00, 0x00, 0xFE, 0xFF, 0x1F, 0xF8, 0xFF, 0x0F, 0x00, 0x00, 0xF0,
    0xFF, 0x7F, 0xF0, 0xFF, 0x1F, 0x00, 0x00, 0xE0, 0xFF, 0xFF, 0xE0, 0xFF, 0x3F, 0x00, 0x00, 0x80,
    0xFF, 0xFF, 0xC3, 0xFF, 0x7F, 0x00, 0x00, 0x00, 0xFE, 0xFF, 0x87, 0xFF, 0xFF, 0x00, 0x00, 0x00,
    0xFC, 0xFF, 0x1F, 0xFF, 0xFF, 0x01, 0x00, 0x00, 0xF0, 0xFF, 0x3F, 0xFE, 0xFF, 0x03, 0x00, 0x00,
    0xE0, 0xFF, 0x7F, 0xFC, 0xFF, 0x07, 0x00, 0x00, 0x80, 0xFF, 0xFF, 0xF9, 0xFF, 0x0F, 0x00, 0x00,
    0x00, 0xFF, 0xFF, 0xF3, 0xFF, 0x1F, 0x00, 0x00, 0x00, 0xFE, 0xFF, 0xE7, 0xFF, 0x3F, 0x00, 0x00,
    0x00, 0xF8, 0xFF, 0xDF, 0xFF, 0x7F, 0x00, 0x00, 0x00, 0xF0, 0xFF, 0xBF, 0xFF, 0xFF, 0x00, 0x00,
    0x00, 0xE0, 0xFF, 0x7F, 0xFF, 0xFF, 0x01, 0x00, 0x00, 0xC0, 0xFF, 0xFF, 0xFE, 0xFF, 0x03, 0x00,
    0x00, 0x00, 0xFF, 0xFF, 0xFD, 0xFF, 0x07, 0x00, 0x00, 0x00, 0xFE, 0xFF, 0xFB, 0xFF, 0x0F, 0x00,
    0x00, 0x00, 0xFC, 0xFF, 0xFF, 0xFF, 0x1F, 0x00, 0x00, 0x00, 0xF8, 0xFF, 0xFF, 0xFF, 0x3F, 0x00,
    0x00, 0x00, 0xF0, 0xFF, 0xFF, 0xFF, 0x7F, 0x00, 0x00, 0x00, 0xE0, 0xFF, 0xFF, 0xFF, 0xFF, 0x00,
    0x00, 0x00, 0xC0, 0xFF, 0xFF, 0xFF, 0xFF, 0x01, 0x00, 0x00, 0x80, 0xFF, 0xFF, 0xFF, 0xFF, 0x03,
    0x00, 0x00, 0x00, 0xFF, 0xFF, 0xFF, 0xFF, 0x07, 0x00, 0x00, 0x00, 0xFE, 0xFF, 0xFF, 0xFF, 0x0F,
    0x00, 0x00, 0x00, 0xFC, 0xFF, 0xFF, 0xFF, 0x1F, 0x00, 0x00, 0x00, 0xF8, 0xFF, 0xFF, 0xFF, 0x3F,
    0x00, 0x00, 0x00, 0xF0, 0xFF, 0xFF, 0xFF, 0x7F, 0x00, 0x00, 0x00, 0xE0, 0xFF, 0xFF, 0xFF, 0xFF,
    0x00, 0x00, 0x00, 0xC0, 0xFF, 0xFF, 0xFF, 0xFF, 0x01, 0x00, 0x00, 0x80, 0xFF, 0xFF, 0xFF, 0xFF,
    0x03, 0x00, 0x00, 0x00, 0xFF, 0xFF, 0xFF, 0xFF, 0x07, 0x00, 0x00, 0x00, 0xFE, 0xFF, 0xFB, 0xFF,
    0x0F, 0x00, 0x00, 0x00, 0xFE, 0xFF, 0xF7, 0xFF, 0x1F, 0x00, 0x00, 0x00, 0xFC, 0xFF, 0xEF, 0xFF,
    0x3F, 0x00, 0x00, 0x00, 0xF8, 0xFF, 0xDF, 0xFF, 0x7F, 0x00, 0x00, 0x00, 0xF0, 0xFF, 0xBF, 0xFF,
    0xFF, 0x00, 0x00, 0x00, 0xE0, 0xFF, 0x7F, 0xFF, 0xFF, 0x01, 0x00, 0x00, 0xE0, 0xFF, 0x7F, 0xFE,
    0xFF, 0x03, 0x00, 0x00, 0xC0, 0xFF, 0xFF, 0xFC, 0xFF, 0x07, 0x00, 0x00, 0x80, 0xFF, 0xFF, 0xF9,
    0xFF, 0x0F, 0x00, 0x00, 0x80, 0xFF, 0xFF, 0xF3, 0xFF, 0x1F, 0x00, 0x00, 0x00, 0xFF, 0xFF, 0xE3,
    0xFF, 0x3F, 0x00, 0x00, 0x00, 0xFF, 0xFF, 0xC7, 0xFF, 0x7F, 0x00, 0x00, 0x00, 0xFE, 0xFF, 0x87,
    0xFF, 0xFF, 0x00, 0x00, 0x00, 0xFE, 0xFF, 0x0F, 0xFF, 0xFF, 0x01, 0x00, 0x00, 0xFE, 0xFF, 0x1F,
    0xFE, 0xFF, 0x03, 0x00, 0x00, 0xFE, 0xFF, 0x1F, 0xFC, 0xFF, 0x07, 0x00, 0x00, 0xFE, 0xFF, 0x1F,
    0xF8, 0xFF, 0x0F, 0x00, 0x00, 0xFE, 0xFF, 0x3F, 0xF0, 0xFF, 0x1F, 0x00, 0x00, 0xFF, 0xFF, 0x3F,
    0xE0, 0xFF, 0x3F, 0x00, 0x80, 0xFF, 0xFF, 0x7F, 0xC0, 0xFF, 0x7F, 0x00, 0xE0, 0xFF, 0xFF, 0x7F,
    0x80, 0xFF, 0xFF, 0xFF, 0xFF, 0xFF, 0xFF, 0x7F, 0x00, 0xFF, 0xFF, 0xFF, 0xFF, 0xFF, 0xFF, 0x7F,
    0x00, 0xFE, 0xFF, 0xFF, 0xFF, 0xFF, 0xFF, 0x7F, 0x00, 0xFC, 0xFF, 0xFF, 0xFF, 0xFF, 0xFF, 0x7F,
    0x00, 0xF8, 0xFF, 0xFF, 0xFF, 0xFF, 0xFF, 0x7F, 0x00, 0xF0, 0xFF, 0xFF, 0xFF, 0xFF, 0xFF, 0x7F,
    0x00, 0xE0, 0xFF, 0xFF, 0xFF, 0xFF, 0xFF, 0x7F, 0x00, 0xC0, 0xFF, 0xFF, 0xFF, 0xFF, 0xFF, 0x3F,
    0x00, 0x80, 0xFF, 0xFF, 0xFF, 0xFF, 0xFF, 0x3F, 0x00, 0x00, 0xFF, 0xFF, 0xFF, 0xFF, 0xFF, 0x1F,
    0x00, 0x00, 0xFE, 0xFF, 0xFF, 0xFF, 0xFF, 0x0F, 0x00, 0x00, 0xFC, 0xFF, 0xFF, 0xFF, 0xFF, 0x03,
    0x00, 0x00, 0xF8, 0xFF, 0xFF, 0xFF, 0xFF, 0x00, 0x00, 0x00, 0xF0, 0xFF, 0xFF, 0xFF, 0x0F, 0x00,
    0x00, 0x00, 0x00,
    // Unicode: [0x0045]
    0xFF, 0xFF, 0xFF, 0xFF, 0xFF, 0xFF, 0xFF, 0xFF, 0xFF, 0xFF, 0xFF, 0xFF, 0xFF, 0xFF, 0xFF, 0xFF,
    0xFF, 0xFF, 0xFF, 0xFF, 0xFF, 0xFF, 0xFF, 0xFF, 0xFF, 0xFF, 0xFF, 0xFF, 0xFF, 0xFF, 0xFF, 0xFF,
    0xFF, 0xFF, 0xFF, 0xFF, 0xFF, 0xFF, 0xFF, 0xFF, 0xFF, 0xFF, 0xFF, 0xFF, 0xFF, 0xFF, 0xFF, 0xFF,
    0xFF, 0xFF, 0xFF, 0xFF, 0xFF, 0xFF, 0xFF, 0xFF, 0xFF, 0xFF, 0xFF, 0xFF, 0xFF, 0xFF, 0xFF, 0xFF,
    0xFF, 0xFF, 0xFF, 0xFF, 0xFF, 0xFF, 0xFF, 0xFF, 0xFF, 0xFF, 0xFF, 0xFF, 0xFF, 0xFF, 0xFF, 0xFF,
    0xFF, 0xFF, 0xFF, 0xFF, 0xFF, 0xFF, 0xFF, 0xFF, 0xFF, 0xFF, 0xFF, 0xFF, 0xFF, 0xFF, 0xFF, 0xFF,
    0xFF, 0xFF, 0xFF, 0xFF, 0xFF, 0x7F, 0x00, 0x00, 0x00, 0x00, 0x80, 0xFF, 0xFF, 0x00, 0x00, 0x00,
    0x00, 0x00, 0xFF, 0xFF, 0x01, 0x00, 0x00, 0x00, 0x00, 0xFE, 0xFF, 0x03, 0x00, 0x00, 0x00, 0x00,
    0xFC, 0xFF, 0x07, 0x00, 0x00, 0x00, 0x00, 0xF8, 0xFF, 0x0F, 0x00, 0x00, 0x00, 0x00, 0xF0, 0xFF,
    0x1F, 0x00, 0x00, 0x00, 0x00, 0xE0, 0xFF, 0x3F, 0x00, 0x00, 0x00, 0x00, 0xC0, 0xFF, 0x7F, 0x00,
    0x00, 0x00, 0x00, 0x80, 0xFF, 0xFF, 0x00, 0x00, 0x00, 0x00, 0x00, 0xFF, 0xFF, 0x01, 0x00, 0x00,
    0x00, 0x00, 0xFE, 0xFF, 0x03, 0x00, 0x00, 0x00, 0x00, 0xFC, 0xFF, 0x07, 0x00, 0x00, 0x00, 0x00,
    0xF8, 0xFF, 0x0F, 0x00, 0x00, 0x00, 0x00, 0xF0, 0xFF, 0x1F, 0x00, 0x00, 0x00, 0x00, 0xE0, 0xFF,
    0x3F, 0x00, 0x00, 0x00, 0x00, 0xC0, 0xFF, 0x7F, 0x00, 0x00, 0x00, 0x00, 0x80, 0xFF, 0xFF, 0x00,
    0x00, 0x00, 0x00, 0x00, 0xFF, 0xFF, 0x01, 0x00, 0x00, 0x00, 0x00, 0xFE, 0xFF, 0x03, 0x00, 0x00,
    0x00, 0x00, 0xFC, 0xFF, 0xFF, 0xFF, 0xFF, 0xFF, 0x1F, 0xF8, 0xFF, 0xFF, 0xFF, 0xFF, 0xFF, 0x3F,
    0xF0, 0xFF, 0xFF, 0xFF, 0xFF, 0xFF, 0x7F, 0xE0, 0xFF, 0xFF, 0xFF, 0xFF, 0xFF, 0xFF, 0xC0, 0xFF,
    0xFF, 0xFF, 0xFF, 0xFF, 0xFF, 0x81, 0xFF, 0xFF, 0xFF, 0xFF, 0xFF, 0xFF, 0x03, 0xFF, 0xFF, 0xFF,
    0xFF, 0xFF, 0xFF, 0x07, 0xFE, 0xFF, 0xFF, 0xFF, 0xFF, 0xFF, 0x0F, 0xFC, 0xFF, 0xFF, 0xFF, 0xFF,
    0xFF, 0x1F, 0xF8, 0xFF, 0xFF, 0xFF, 0xFF, 0xFF, 0x3F, 0xF0, 0xFF, 0xFF, 0xFF, 0xFF, 0xFF, 0x7F,
    0xE0, 0xFF, 0xFF, 0xFF, 0xFF, 0xFF, 0xFF, 0xC0, 0xFF, 0xFF, 0xFF, 0xFF, 0xFF, 0xFF, 0x81, 0xFF,
    0xFF, 0xFF, 0xFF, 0xFF, 0xFF, 0x03, 0xFF, 0xFF, 0x01, 0x00, 0x00, 0x00, 0x00, 0xFE, 0xFF, 0x03,
    0x00, 0x00, 0x00, 0x00, 0xFC, 0xFF, 0x07, 0x00, 0x00, 0x00, 0x00, 0xF8, 0xFF, 0x0F, 0x00, 0x00,
    0x00, 0x00, 0xF0, 0xFF, 0x1F, 0x00, 0x00, 0x00, 0x00, 0xE0, 0xFF, 0x3F, 0x00, 0x00, 0x00, 0x00,
    0xC0, 0xFF, 0x7F, 0x00, 0x00, 0x00, 0x00, 0x80, 0xFF, 0xFF, 0x00, 0x00, 0x00, 0x00, 0x00, 0xFF,
    0xFF, 0x01, 0x00, 0x00, 0x00, 0x00, 0xFE, 0xFF, 0x03, 0x00, 0x00, 0x00, 0x00, 0xFC, 0xFF, 0x07,
    0x00, 0x00, 0x00, 0x00, 0xF8, 0xFF, 0x0F, 0x00, 0x00, 0x00, 0x00, 0xF0, 0xFF, 0x1F, 0x00, 0x00,
    0x00, 0x00, 0xE0, 0xFF, 0x3F, 0x00, 0x00, 0x00, 0x00, 0xC0, 0xFF, 0x7F, 0x00, 0x00, 0x00, 0x00,
    0x80, 0xFF, 0xFF, 0x00, 0x00, 0x00, 0x00, 0x00, 0xFF, 0xFF, 0x01, 0x00, 0x00, 0x00, 0x00, 0xFE,
    0xFF, 0x03, 0x00, 0x00, 0x00, 0x00, 0xFC, 0xFF, 0x07, 0x00, 0x00, 0x00, 0x00, 0xF8, 0xFF, 0x0F,
    0x00, 0x00, 0x00, 0x00, 0xF0, 0xFF, 0x1F, 0x00, 0x00, 0x00, 0x00, 0xE0, 0xFF, 0x3F, 0x00, 0x00,
    0x00, 0x00, 0xC0, 0xFF, 0x7F, 0x00, 0x00, 0x00, 0x00, 0x80, 0xFF, 0xFF, 0xFF, 0xFF, 0xFF, 0xFF,
    0xFF, 0xFF, 0xFF, 0xFF, 0xFF, 0xFF, 0xFF, 0xFF, 0xFF, 0xFF, 0xFF, 0xFF, 0xFF, 0xFF, 0xFF, 0xFF,
    0xFF, 0xFF, 0xFF, 0xFF, 0xFF, 0xFF, 0xFF, 0xFF, 0xFF, 0xFF, 0xFF, 0xFF, 0xFF, 0xFF, 0xFF, 0xFF,
    0xFF, 0xFF, 0xFF, 0xFF, 0xFF, 0xFF, 0xFF, 0xFF, 0xFF, 0xFF, 0xFF, 0xFF, 0xFF, 0xFF, 0xFF, 0xFF,
    0xFF, 0xFF, 0xFF, 0xFF, 0xFF, 0xFF, 0xFF, 0xFF, 0xFF, 0xFF, 0xFF, 0xFF, 0xFF, 0xFF, 0xFF, 0xFF,
    0xFF, 0xFF, 0xFF, 0xFF, 0xFF, 0xFF, 0xFF, 0xFF, 0xFF, 0xFF, 0xFF, 0xFF, 0xFF, 0xFF, 0xFF, 0xFF,
    0xFF, 0xFF, 0xFF, 0xFF, 0xFF, 0xFF, 0xFF, 0xFF, 0xFF, 0xFF, 0xFF, 0xFF, 0xFF, 0x1F,
    // Unicode: [0x0046]
    0xFF, 0xFF, 0xFF, 0xFF, 0xFF, 0xFF, 0xFF, 0xFF, 0xFF, 0xFF, 0xFF, 0xFF, 0xFF, 0xFF, 0xFF, 0xFF,
    0xFF, 0xFF, 0xFF, 0xFF, 0xFF, 0xFF, 0xFF, 0xFF, 0xFF, 0xFF, 0xFF, 0xFF, 0xFF, 0xFF, 0xFF, 0xFF,
    0xFF, 0xFF, 0xFF, 0xFF, 0xFF, 0xFF, 0xFF, 0xFF, 0xFF, 0xFF, 0xFF, 0xFF, 0xFF, 0xFF, 0xFF, 0xFF,
    0xFF, 0xFF, 0xFF, 0xFF, 0xFF, 0xFF, 0xFF, 0xFF, 0xFF, 0xFF, 0xFF, 0xFF, 0xFF, 0xFF, 0xFF, 0xFF,
    0xFF, 0xFF, 0xFF, 0xFF, 0xFF, 0xFF, 0xFF, 0xFF, 0xFF, 0xFF, 0xFF, 0xFF, 0xFF, 0xFF, 0xFF, 0xFF,
    0xFF, 0xFF, 0xFF, 0xFF, 0xFF, 0xFF, 0xFF, 0xFF, 0xFF, 0xFF, 0xFF, 0xFF, 0xFF, 0xFF, 0xFF, 0xFF,
    0xFF, 0xFF, 0x07, 0x00, 0x00, 0x00, 0x00, 0xFE, 0xFF, 0x03, 0x00, 0x00, 0x00, 0x00, 0xFF, 0xFF,
    0x01, 0x00, 0x00, 0x00, 0x80, 0xFF, 0xFF, 0x00, 0x00, 0x00, 0x00, 0xC0, 0xFF, 0x7F, 0x00, 0x00,
    0x00, 0x00, 0xE0, 0xFF, 0x3F, 0x00, 0x00, 0x00, 0x00, 0xF0, 0xFF, 0x1F, 0x00, 0x00, 0x00, 0x00,
    0xF8, 0xFF, 0x0F, 0x00, 0x00, 0x00, 0x00, 0xFC, 0xFF, 0x07, 0x00, 0x00, 0x00, 0x00, 0xFE, 0xFF,
    0x03, 0x00, 0x00, 0x00, 0x00, 0xFF, 0xFF, 0x01, 0x00, 0x00, 0x00, 0x80, 0xFF, 0xFF, 0x00, 0x00,
    0x00, 0x00, 0xC0, 0xFF, 0x7F, 0x00, 0x00, 0x00, 0x00, 0xE0, 0xFF, 0x3F, 0x00, 0x00, 0x00, 0x00,
    0xF0, 0xFF, 0x1F, 0x00, 0x00, 0x00, 0x00, 0xF8, 0xFF, 0x0F, 0x00, 0x00, 0x00, 0x00, 0xFC, 0xFF,
    0x07, 0x00, 0x00, 0x00, 0x00, 0xFE, 0xFF, 0x03, 0x00, 0x00, 0x00, 0x00, 0xFF, 0xFF, 0x01, 0x00,
    0x00, 0x00, 0x80, 0xFF, 0xFF, 0x00, 0x00, 0x00, 0x00, 0xC0, 0xFF, 0x7F, 0x00, 0x00, 0x00, 0x00,
    0xE0, 0xFF, 0x3F, 0x00, 0x00, 0x00, 0x00, 0xF0, 0xFF, 0xFF, 0xFF, 0xFF, 0xFF, 0x7F, 0xF8, 0xFF,
    0xFF, 0xFF, 0xFF, 0xFF, 0x3F, 0xFC, 0xFF, 0xFF, 0xFF, 0xFF, 0xFF, 0x1F, 0xFE, 0xFF, 0xFF, 0xFF,
    0xFF, 0xFF, 0x0F, 0xFF, 0xFF, 0xFF, 0xFF, 0xFF, 0xFF, 0x87, 0xFF, 0xFF, 0xFF, 0xFF, 0xFF, 0xFF,
    0xC3, 0xFF, 0xFF, 0xFF, 0xFF, 0xFF, 0xFF, 0xE1, 0xFF, 0xFF, 0xFF, 0xFF, 0xFF, 0xFF, 0xF0, 0xFF,
    0xFF, 0xFF, 0xFF, 0xFF, 0x7F, 0xF8, 0xFF, 0xFF, 0xFF, 0xFF, 0xFF, 0x3F, 0xFC, 0xFF, 0xFF, 0xFF,
    0xFF, 0xFF, 0x1F, 0xFE, 0xFF, 0xFF, 0xFF, 0xFF, 0xFF, 0x0F, 0xFF, 0xFF, 0xFF, 0xFF, 0xFF, 0xFF,
    0x87, 0xFF, 0xFF, 0xFF, 0xFF, 0xFF, 0xFF, 0xC3, 0xFF, 0x7F, 0x00, 0x00, 0x00, 0x00, 0xE0, 0xFF,
    0x3F, 0x00, 0x00, 0x00, 0x00, 0xF0, 0xFF, 0x1F, 0x00, 0x00, 0x00, 0x00, 0xF8, 0xFF, 0x0F, 0x00,
    0x00, 0x00, 0x00, 0xFC, 0xFF, 0x07, 0x00, 0x00, 0x00, 0x00, 0xFE, 0xFF, 0x03, 0x00, 0x00, 0x00,
    0x00, 0xFF, 0xFF, 0x01, 0x00, 0x00, 0x00, 0x80, 0xFF, 0xFF, 0x00, 0x00, 0x00, 0x00, 0xC0, 0xFF,
    0x7F, 0x00, 0x00, 0x00, 0x00, 0xE0, 0xFF, 0x3F, 0x00, 0x00, 0x00, 0x00, 0xF0, 0xFF, 0x1F, 0x00,
    0x00, 0x00, 0x00, 0xF8, 0xFF, 0x0F, 0x00, 0x00, 0x00, 0x00, 0xFC, 0xFF, 0x07, 0x00, 0x00, 0x00,
    0x00, 0xFE, 0xFF, 0x03, 0x00, 0x00, 0x00, 0x00, 0xFF, 0xFF, 0x01, 0x00, 0x00, 0x00, 0x80, 0xFF,
    0xFF, 0x00, 0x00, 0x00, 0x00, 0xC0, 0xFF, 0x7F, 0x00, 0x00, 0x00, 0x00, 0xE0, 0xFF, 0x3F, 0x00,
    0x00, 0x00, 0x00, 0xF0, 0xFF, 0x1F, 0x00, 0x00, 0x00, 0x00, 0xF8, 0xFF, 0x0F, 0x00, 0x00, 0x00,
    0x00, 0xFC, 0xFF, 0x07, 0x00, 0x00, 0x00, 0x00, 0xFE, 0xFF, 0x03, 0x00, 0x00, 0x00, 0x00, 0xFF,
    0xFF, 0x01, 0x00, 0x00, 0x00, 0x80, 0xFF, 0xFF, 0x00, 0x00, 0x00, 0x00, 0xC0, 0xFF, 0x7F, 0x00,
    0x00, 0x00, 0x00, 0xE0, 0xFF, 0x3F, 0x00, 0x00, 0x00, 0x00, 0xF0, 0xFF, 0x1F, 0x00, 0x00, 0x00,
    0x00, 0xF8, 0xFF, 0x0F, 0x00, 0x00, 0x00, 0x00, 0xFC, 0xFF, 0x07, 0x00, 0x00, 0x00, 0x00, 0xFE,
    0xFF, 0x03, 0x00, 0x00, 0x00, 0x00, 0xFF, 0xFF, 0x01, 0x00, 0x00, 0x00, 0x80, 0xFF, 0xFF, 0x00,
    0x00, 0x00, 0x00, 0xC0, 0xFF, 0x7F, 0x00, 0x00, 0x00, 0x00, 0xE0, 0xFF, 0x3F, 0x00, 0x00, 0x00,
    0x00, 0xF0, 0xFF, 0x1F, 0x00, 0x00, 0x00, 0x00, 0x00,
    // Unicode: [0x0047]
    0x00, 0x00, 0x00, 0xE0, 0xFF, 0x07, 0x00, 0x00, 0x00, 0x00, 0x00, 0xE0, 0xFF, 0xFF, 0x1F, 0x00,
    0x00, 0x00, 0x00, 0x80, 0xFF, 0xFF, 0xFF, 0x1F, 0x00, 0x00, 0x00, 0x00, 0xFC, 0xFF, 0xFF, 0xFF,
    0x0F, 0x00, 0x00, 0x00, 0xE0, 0xFF, 0xFF, 0xFF, 0xFF, 0x07, 0x00, 0x00, 0x00, 0xFF, 0xFF, 0xFF,
    0xFF, 0xFF, 0x03, 0x00, 0x00, 0xF0, 0xFF, 0xFF, 0xFF, 0xFF, 0xFF, 0x00, 0x00, 0x00, 0xFF, 0xFF,
    0xFF, 0xFF, 0xFF, 0x7F, 0x00, 0x00, 0xF0, 0xFF, 0xFF, 0xFF, 0xFF, 0xFF, 0x1F, 0x00, 0x00, 0xFF,
    0xFF, 0xFF, 0xFF, 0xFF, 0xFF, 0x07, 0x00, 0xF0, 0xFF, 0xFF, 0xFF, 0xFF, 0xFF, 0xFF, 0x00, 0x00,
    0xFF, 0xFF, 0xFF, 0xFF, 0xFF, 0xFF, 0x3F, 0x00, 0xF0, 0xFF, 0xFF, 0xFF, 0xFF, 0xFF, 0xFF, 0x0F,
    0x00, 0xFF, 0xFF, 0xFF, 0xFF, 0xFF, 0xFF, 0xFF, 0x03, 0xF0, 0xFF, 0xFF, 0x1F, 0x80, 0xFF, 0xFF,
    0x7F, 0x00, 0xFE, 0xFF, 0x7F, 0x00, 0x80, 0xFF, 0xFF, 0x1F, 0xE0, 0xFF, 0xFF, 0x07, 0x00, 0xC0,
    0xFF, 0xFF, 0x03, 0xFC, 0xFF, 0x3F, 0x00, 0x00, 0xF0, 0xFF, 0xFF, 0xC0, 0xFF, 0xFF, 0x03, 0x00,
    0x00, 0xFC, 0xFF, 0x1F, 0xF8, 0xFF, 0x3F, 0x00, 0x00, 0x00, 0xFF, 0xFF, 0x83, 0xFF, 0xFF, 0x03,
    0x00, 0x00, 0xC0, 0xFF, 0xFF, 0xF0, 0xFF, 0x7F, 0x00, 0x00, 0x00, 0xF8, 0xFF, 0x1F, 0xFE, 0xFF,
    0x07, 0x00, 0x00, 0x00, 0xFE, 0xFF, 0xE3, 0xFF, 0xFF, 0x00, 0x00, 0x00, 0xC0, 0xFF, 0xFF, 0xFC,
    0xFF, 0x0F, 0x00, 0x00, 0x00, 0xF8, 0xFF, 0x9F, 0xFF, 0xFF, 0x01, 0x00, 0x00, 0x00, 0xFE, 0xFF,
    0xFB, 0xFF, 0x1F, 0x00, 0x00, 0x00, 0xC0, 0xFF, 0x7F, 0xFF, 0xFF, 0x03, 0x00, 0x00, 0x00, 0xF8,
    0xFF, 0xEF, 0xFF, 0x7F, 0x00, 0x00, 0x00, 0x00, 0x00, 0x00, 0xFC, 0xFF, 0x0F, 0x00, 0x00, 0x00,
    0x00, 0x00, 0xC0, 0xFF, 0xFF, 0x00, 0x00, 0x00, 0x00, 0x00, 0x00, 0xF8, 0xFF, 0x1F, 0x00, 0x00,
    0x00, 0x00, 0x00, 0x00, 0xFF, 0xFF, 0x03, 0x00, 0x00, 0x00, 0x00, 0x00, 0xE0, 0xFF, 0x7F, 0x00,
    0x00, 0x00, 0x00, 0x00, 0x00, 0xFC, 0xFF, 0x0F, 0x00, 0x00, 0x00, 0x00, 0x00, 0x80, 0xFF, 0xFF,
    0x01, 0x00, 0x00, 0x00, 0x00, 0x00, 0xF0, 0xFF, 0x3F, 0x00, 0x00, 0x00, 0x00, 0x00, 0x00, 0xFE,
    0xFF, 0x07, 0x00, 0x00, 0x00, 0x00, 0x00, 0xC0, 0xFF, 0xFF, 0x00, 0x00, 0x00, 0x00, 0x00, 0x00,
    0xF8, 0xFF, 0x1F, 0x00, 0x00, 0x00, 0x00, 0x00, 0x00, 0xFF, 0xFF, 0x03, 0x00, 0x00, 0x00, 0x00,
    0x00, 0xE0, 0xFF, 0x7F, 0x00, 0x00, 0xFE, 0xFF, 0xFF, 0xFF, 0xFF, 0xFF, 0x0F, 0x00, 0xC0, 0xFF,
    0xFF, 0xFF, 0xFF, 0xFF, 0xFF, 0x01, 0x00, 0xF8, 0xFF, 0xFF, 0xFF, 0xFF, 0xFF, 0x3F, 0x00, 0x00,
    0xFF, 0xFF, 0xFF, 0xFF, 0xFF, 0xFF, 0x07, 0x00, 0xE0, 0xFF, 0xFF, 0xFF, 0xFF, 0xFF, 0xFF, 0x00,
    0x00, 0xFC, 0xFF, 0xFF, 0xFF, 0xFF, 0xFF, 0x1F, 0x00, 0x80, 0xFF, 0xFF, 0xFF, 0xFF, 0xFF, 0xFF,
    0x03, 0x00, 0xF0, 0xFF, 0xFF, 0xFF, 0xFF, 0xFF, 0x7F, 0x00, 0x00, 0xFE, 0xFF, 0xFF, 0xFF, 0xFF,
    0xFF, 0x0F, 0x00, 0xC0, 0xFF, 0xFF, 0xFF, 0xFF, 0xFF, 0xFF, 0x01, 0x00, 0xF8, 0xFF, 0xFF, 0xFF,
    0xFF, 0xFF, 0x3F, 0x00, 0x00, 0xFF, 0xFF, 0xFF, 0xFF, 0xFF, 0xFF, 0x07, 0x00, 0xE0, 0xFF, 0xFF,
    0xFF, 0xFF, 0xFF, 0xFF, 0x00, 0x00, 0xFC, 0xFF, 0xFF, 0xFF, 0xFF, 0xFF, 0x1F, 0x00, 0x00, 0x00,
    0x80, 0xFF, 0xFF, 0xFF, 0xFF, 0x03, 0x00, 0x00, 0x00, 0xF0, 0xFF, 0xDF, 0xFF, 0xFF, 0x00, 0x00,
    0x00, 0x00, 0xFE, 0xFF, 0xFB, 0xFF, 0x1F, 0x00, 0x00, 0x00, 0xC0, 0xFF, 0x7F, 0xFF, 0xFF, 0x03,
    0x00, 0x00, 0x00, 0xF8, 0xFF, 0xEF, 0xFF, 0xFF, 0x00, 0x00, 0x00, 0x00, 0xFF, 0xFF, 0xF9, 0xFF,
    0x1F, 0x00, 0x00, 0x00, 0xE0, 0xFF, 0x3F, 0xFF, 0xFF, 0x03, 0x00, 0x00, 0x00, 0xFC, 0xFF, 0xE7,
    0xFF, 0xFF, 0x00, 0x00, 0x00, 0x80, 0xFF, 0xFF, 0xF8, 0xFF, 0x1F, 0x00, 0x00, 0x00, 0xF0, 0xFF,
    0x1F, 0xFF, 0xFF, 0x07, 0x00, 0x00, 0x00, 0xFE, 0xFF, 0xE3, 0xFF, 0xFF, 0x01, 0x00, 0x00, 0xC0,
    0xFF, 0x7F, 0xF8, 0xFF, 0x7F, 0x00, 0x00, 0x00, 0xF8, 0xFF, 0x0F, 0xFF, 0xFF, 0x1F, 0x00, 0x00,
    0x00, 0xFF, 0xFF, 0xC1, 0xFF, 0xFF, 0x07, 0x00, 0x00, 0xF0, 0xFF, 0x3F, 0xF8, 0xFF, 0xFF, 0x01,
    0x00, 0x00, 0xFF, 0xFF, 0x07, 0xFE, 0xFF, 0xFF, 0x00, 0x00, 0xF8, 0xFF, 0xFF, 0x80, 0xFF, 0xFF,
    0xFF, 0x01, 0xF0, 0xFF, 0xFF, 0x1F, 0xF0, 0xFF, 0xFF, 0xFF, 0xFF, 0xFF, 0xFF, 0xFF, 0x03, 0xFC,
    0xFF, 0xFF, 0xFF, 0xFF, 0xFF, 0xFF, 0x7F, 0x00, 0xFF, 0xFF, 0xFF, 0xFF, 0xFF, 0xFF, 0xFF, 0x0F,
    0xC0, 0xFF, 0xFF, 0xFF, 0xFF, 0xFF, 0xFF, 0xFF, 0x00, 0xF0, 0xFF, 0xFF, 0xFF, 0xFF, 0xFF, 0xFF,
    0x0F, 0x00, 0xFC, 0xFF, 0xFF, 0xFF, 0xFF, 0xFF, 0xFF, 0x00, 0x00, 0xFF, 0xFF, 0xFF, 0xFF, 0xFF,
    0xFF, 0x07, 0x00, 0xC0, 0xFF, 0xFF, 0xFF, 0xFF, 0xFF, 0x7F, 0x00, 0x00, 0xE0, 0xFF, 0xFF, 0xFF,
    0xFF, 0xFF, 0x03, 0x00, 0x00, 0xF0, 0xFF, 0xFF, 0xFF, 0xFF, 0x1F, 0x00, 0x00, 0x00, 0xF8, 0xFF,
    0xFF, 0xFF, 0xFF, 0x00, 0x00, 0x00, 0x00, 0xFC, 0xFF, 0xFF, 0xFF, 0x03, 0x00, 0x00, 0x00, 0x00,
    0xFC, 0xFF, 0xFF, 0x07, 0x00, 0x00, 0x00, 0x00, 0x00, 0xF0, 0xFF, 0x07, 0x00, 0x00, 0x00,
    // Unicode: [0x0048]
    0xFF, 0xFF, 0x01, 0x00, 0x00, 0x00, 0xF8, 0xFF, 0xFF, 0xFF, 0x3F, 0x00, 0x00, 0x00, 0x00, 0xFF,
    0xFF, 0xFF, 0xFF, 0x07, 0x00, 0x00, 0x00, 0xE0, 0xFF, 0xFF, 0xFF, 0xFF, 0x00, 0x00, 0x00, 0x00,
    0xFC, 0xFF, 0xFF, 0xFF, 0x1F, 0x00, 0x00, 0x00, 0x80, 0xFF, 0xFF, 0xFF, 0xFF, 0x03, 0x00, 0x00,
    0x00, 0xF0, 0xFF, 0xFF, 0xFF, 0x7F, 0x00, 0x00, 0x00, 0x00, 0xFE, 0xFF, 0xFF, 0xFF, 0x0F, 0x00,
    0x00, 0x00, 0xC0, 0xFF, 0xFF, 0xFF, 0xFF, 0x01, 0x00, 0x00, 0x00, 0xF8, 0xFF, 0xFF, 0xFF, 0x3F,
    0x00, 0x00, 0x00, 0x00, 0xFF, 0xFF, 0xFF, 0xFF, 0x07, 0x00, 0x00, 0x00, 0xE0, 0xFF, 0xFF, 0xFF,
    0xFF, 0x00, 0x00, 0x00, 0x00, 0xFC, 0xFF, 0xFF, 0xFF, 0x1F, 0x00, 0x00, 0x00, 0x80, 0xFF, 0xFF,
    0xFF, 0xFF, 0x03, 0x00, 0x00, 0x00, 0xF0, 0xFF, 0xFF, 0xFF, 0x7F, 0x00, 0x00, 0x00, 0x00, 0xFE,
    0xFF, 0xFF, 0xFF, 0x0F, 0x00, 0x00, 0x00, 0xC0, 0xFF, 0xFF, 0xFF, 0xFF, 0x01, 0x00, 0x00, 0x00,
    0xF8, 0xFF, 0xFF, 0xFF, 0x3F, 0x00, 0x00, 0x00, 0x00, 0xFF, 0xFF, 0xFF, 0xFF, 0x07, 0x00, 0x00,
    0x00, 0xE0, 0xFF, 0xFF, 0xFF, 0xFF, 0x00, 0x00, 0x00, 0x00, 0xFC, 0xFF, 0xFF, 0xFF, 0x1F, 0x00,
    0x00, 0x00, 0x80, 0xFF, 0xFF, 0xFF, 0xFF, 0x03, 0x00, 0x00, 0x00, 0xF0, 0xFF, 0xFF, 0xFF, 0x7F,
    0x00, 0x00, 0x00, 0x00, 0xFE, 0xFF, 0xFF, 0xFF, 0x0F, 0x00, 0x00, 0x00, 0xC0, 0xFF, 0xFF, 0xFF,
    0xFF, 0x01, 0x00, 0x00, 0x00, 0xF8, 0xFF, 0xFF, 0xFF, 0x3F, 0x00, 0x00, 0x00, 0x00, 0xFF, 0xFF,
    0xFF, 0xFF, 0x07, 0x00, 0x00, 0x00, 0xE0, 0xFF, 0xFF, 0xFF, 0xFF, 0x00, 0x00, 0x00, 0x00, 0xFC,
    0xFF, 0xFF, 0xFF, 0x1F, 0x00, 0x00, 0x00, 0x80, 0xFF, 0xFF, 0xFF, 0xFF, 0x03, 0x00, 0x00, 0x00,
    0xF0, 0xFF, 0xFF, 0xFF, 0x7F, 0x00, 0x00, 0x00, 0x00, 0xFE, 0xFF, 0xFF, 0xFF, 0x0F, 0x00, 0x00,
    0x00, 0xC0, 0xFF, 0xFF, 0xFF, 0xFF, 0x01, 0x00, 0x00, 0x00, 0xF8, 0xFF, 0xFF, 0xFF, 0x3F, 0x00,
    0x00, 0x00, 0x00, 0xFF, 0xFF, 0xFF, 0xFF, 0xFF, 0xFF, 0xFF, 0xFF, 0xFF, 0xFF, 0xFF, 0xFF, 0xFF,
    0xFF, 0xFF, 0xFF, 0xFF, 0xFF, 0xFF, 0xFF, 0xFF, 0xFF, 0xFF, 0xFF, 0xFF, 0xFF, 0xFF, 0xFF, 0xFF,
    0xFF, 0xFF, 0xFF, 0xFF, 0xFF, 0xFF, 0xFF, 0xFF, 0xFF, 0xFF, 0xFF, 0xFF, 0xFF, 0xFF, 0xFF, 0xFF,
    0xFF, 0xFF, 0xFF, 0xFF, 0xFF, 0xFF, 0xFF, 0xFF, 0xFF, 0xFF, 0xFF, 0xFF, 0xFF, 0xFF, 0xFF, 0xFF,
    0xFF, 0xFF, 0xFF, 0xFF, 0xFF, 0xFF, 0xFF, 0xFF, 0xFF, 0xFF, 0xFF, 0xFF, 0xFF, 0xFF, 0xFF, 0xFF,
    0xFF, 0xFF, 0xFF, 0xFF, 0xFF, 0xFF, 0xFF, 0xFF, 0xFF, 0xFF, 0xFF, 0xFF, 0xFF, 0xFF, 0xFF, 0xFF,
    0xFF, 0xFF, 0xFF, 0xFF, 0xFF, 0xFF, 0xFF, 0xFF, 0xFF, 0xFF, 0xFF, 0xFF, 0xFF, 0xFF, 0xFF, 0xFF,
    0xFF, 0xFF, 0xFF, 0xFF, 0xFF, 0xFF, 0xFF, 0xFF, 0xFF, 0xFF, 0xFF, 0xFF, 0xFF, 0xFF, 0xFF, 0xFF,
    0x01, 0x00, 0x00, 0x00, 0xF8, 0xFF, 0xFF, 0xFF, 0x3F, 0x00, 0x00, 0x00, 0x00, 0xFF, 0xFF, 0xFF,
    0xFF, 0x07, 0x00, 0x00, 0x00, 0xE0, 0xFF, 0xFF, 0xFF, 0xFF, 0x00, 0x00, 0x00, 0x00, 0xFC, 0xFF,
    0xFF, 0xFF, 0x1F, 0x00, 0x00, 0x00, 0x80, 0xFF, 0xFF, 0xFF, 0xFF, 0x03, 0x00, 0x00, 0x00, 0xF0,
    0xFF, 0xFF, 0xFF, 0x7F, 0x00, 0x00, 0x00, 0x00, 0xFE, 0xFF, 0xFF, 0xFF, 0x0F, 0x00, 0x00, 0x00,
    0xC0, 0xFF, 0xFF, 0xFF, 0xFF, 0x01, 0x00, 0x00, 0x00, 0xF8, 0xFF, 0xFF, 0xFF, 0x3F, 0x00, 0x00,
    0x00, 0x00, 0xFF, 0xFF, 0xFF, 0xFF, 0x07, 0x00, 0x00, 0x00, 0xE0, 0xFF, 0xFF, 0xFF, 0xFF, 0x00,
    0x00, 0x00, 0x00, 0xFC, 0xFF, 0xFF, 0xFF, 0x1F, 0x00, 0x00, 0x00, 0x80, 0xFF, 0xFF, 0xFF, 0xFF,
    0x03, 0x00, 0x00, 0x00, 0xF0, 0xFF, 0xFF, 0xFF, 0x7F, 0x00, 0x00, 0x00, 0x00, 0xFE, 0xFF, 0xFF,
    0xFF, 0x0F, 0x00, 0x00, 0x00, 0xC0, 0xFF, 0xFF, 0xFF, 0xFF, 0x01, 0x00, 0x00, 0x00, 0xF8, 0xFF,
    0xFF, 0xFF, 0x3F, 0x00, 0x00, 0x00, 0x00, 0xFF, 0xFF, 0xFF, 0xFF, 0x07, 0x00, 0x00, 0x00, 0xE0,
    0xFF, 0xFF, 0xFF, 0xFF, 0x00, 0x00, 0x00, 0x00, 0xFC, 0xFF, 0xFF, 0xFF, 0x1F, 0x00, 0x00, 0x00,
    0x80, 0xFF, 0xFF, 0xFF, 0xFF, 0x03, 0x00, 0x00, 0x00, 0xF0, 0xFF, 0xFF, 0xFF, 0x7F, 0x00, 0x00,
    0x00, 0x00, 0xFE, 0xFF, 0xFF, 0xFF, 0x0F, 0x00, 0x00, 0x00, 0xC0, 0xFF, 0xFF, 0xFF, 0xFF, 0x01,
    0x00, 0x00, 0x00, 0xF8, 0xFF, 0xFF, 0xFF, 0x3F, 0x00, 0x00, 0x00, 0x00, 0xFF, 0xFF, 0xFF, 0xFF,
    0x07, 0x00, 0x00, 0x00, 0xE0, 0xFF, 0xFF, 0xFF, 0xFF, 0x00, 0x00, 0x00, 0x00, 0xFC, 0xFF, 0xFF,
    0xFF, 0x1F, 0x00, 0x00, 0x00, 0x80, 0xFF, 0xFF, 0xFF, 0xFF, 0x03, 0x00, 0x00, 0x00, 0xF0, 0xFF,
    0xFF, 0xFF, 0x7F, 0x00, 0x00, 0x00, 0x00, 0xFE, 0xFF, 0xFF, 0xFF, 0x0F, 0x00, 0x00, 0x00, 0xC0,
    0xFF, 0xFF, 0xFF, 0xFF, 0x01, 0x00, 0x00, 0x00, 0xF8, 0xFF, 0xFF, 0xFF, 0x3F, 0x00, 0x00, 0x00,
    0x00, 0xFF, 0xFF, 0xFF, 0xFF, 0x07, 0x00, 0x00, 0x00, 0xE0, 0xFF, 0xFF, 0xFF, 0xFF, 0x00, 0x00,
    0x00, 0x00, 0xFC, 0xFF, 0xFF, 0xFF, 0x1F, 0x00, 0x00, 0x00, 0x80, 0xFF, 0xFF, 0x01,
    // Unicode: [0x0049]
    0xFF, 0xFF, 0xFF, 0xFF, 0xFF, 0xFF, 0xFF, 0xFF, 0xFF, 0xFF, 0xFF, 0xFF, 0xFF, 0xFF, 0xFF, 0xFF,
    0xFF, 0xFF, 0xFF, 0xFF, 0xFF, 0xFF, 0xFF, 0xFF, 0xFF, 0xFF, 0xFF, 0xFF, 0xFF, 0xFF, 0xFF, 0xFF,
    0xFF, 0xFF, 0xFF, 0xFF, 0xFF, 0xFF, 0xFF, 0xFF, 0xFF, 0xFF, 0xFF, 0xFF, 0xFF, 0xFF, 0xFF, 0xFF,
    0xFF, 0xFF, 0xFF, 0xFF, 0xFF, 0xFF, 0xFF, 0xFF, 0xFF, 0xFF, 0xFF, 0xFF, 0xFF, 0xFF, 0xFF, 0xFF,
    0xFF, 0xFF, 0xFF, 0xFF, 0xFF, 0xFF, 0xFF, 0xFF, 0xFF, 0xFF, 0xFF, 0xFF, 0xFF, 0xFF, 0xFF, 0xFF,
    0xFF, 0xFF, 0xFF, 0xFF, 0xFF, 0xFF, 0xFF, 0xFF, 0xFF, 0xFF, 0xFF, 0xFF, 0xFF, 0xFF, 0xFF, 0xFF,
    0xFF, 0xFF, 0xFF, 0xFF, 0xFF, 0xFF, 0xFF, 0xFF, 0xFF, 0xFF, 0xFF, 0xFF, 0xFF, 0xFF, 0xFF, 0xFF,
    0xFF, 0xFF, 0xFF, 0xFF, 0xFF, 0xFF, 0xFF, 0xFF, 0xFF, 0xFF, 0xFF, 0xFF, 0xFF, 0xFF, 0xFF, 0xFF,
    0xFF, 0xFF, 0xFF, 0xFF, 0xFF, 0xFF, 0xFF, 0xFF, 0xFF, 0xFF, 0xFF, 0xFF, 0xFF, 0xFF, 0xFF, 0xFF,
    0xFF, 0xFF, 0xFF, 0xFF, 0xFF, 0xFF, 0xFF, 0xFF, 0xFF, 0xFF, 0xFF, 0xFF, 0xFF, 0xFF, 0xFF, 0xFF,
    0xFF, 0xFF, 0xFF, 0xFF, 0xFF, 0xFF, 0xFF, 0xFF, 0xFF, 0xFF, 0xFF, 0xFF, 0xFF, 0xFF, 0xFF, 0xFF,
    0xFF, 0xFF, 0xFF, 0xFF, 0x1F,
    // Unicode: [0x004A]
    0x00, 0x00, 0x00, 0x00, 0x00, 0xFF, 0xFF, 0x03, 0x00, 0x00, 0x00, 0x00, 0xFC, 0xFF, 0x0F, 0x00,
    0x00, 0x00, 0x00, 0xF0, 0xFF, 0x3F, 0x00, 0x00, 0x00, 0x00, 0xC0, 0xFF, 0xFF, 0x00, 0x00, 0x00,
    0x00, 0x00, 0xFF, 0xFF, 0x03, 0x00, 0x00, 0x00, 0x00, 0xFC, 0xFF, 0x0F, 0x00, 0x00, 0x00, 0x00,
    0xF0, 0xFF, 0x3F, 0x00, 0x00, 0x00, 0x00, 0xC0, 0xFF, 0xFF, 0x00, 0x00, 0x00, 0x00, 0x00, 0xFF,
    0xFF, 0x03, 0x00, 0x00, 0x00, 0x00, 0xFC, 0xFF, 0x0F, 0x00, 0x00, 0x00, 0x00, 0xF0, 0xFF, 0x3F,
    0x00, 0x00, 0x00, 0x00, 0xC0, 0xFF, 0xFF, 0x00, 0x00, 0x00, 0x00, 0x00, 0xFF, 0xFF, 0x03, 0x00,
    0x00, 0x00, 0x00, 0xFC, 0xFF, 0x0F, 0x00, 0x00, 0x00, 0x00, 0xF0, 0xFF, 0x3F, 0x00, 0x00, 0x00,
    0x00, 0xC0, 0xFF, 0xFF, 0x00, 0x00, 0x00, 0x00, 0x00, 0xFF, 0xFF, 0x03, 0x00, 0x00, 0x00, 0x00,
    0xFC, 0xFF, 0x0F, 0x00, 0x00, 0x00, 0x00, 0xF0, 0xFF, 0x3F, 0x00, 0x00, 0x00, 0x00, 0xC0, 0xFF,
    0xFF, 0x00, 0x00, 0x00, 0x00, 0x00, 0xFF, 0xFF, 0x03, 0x00, 0x00, 0x00, 0x00, 0xFC, 0xFF, 0x0F,
    0x00, 0x00, 0x00, 0x00, 0xF0, 0xFF, 0x3F, 0x00, 0x00, 0x00, 0x00, 0xC0, 0xFF, 0xFF, 0x00, 0x00,
    0x00, 0x00, 0x00, 0xFF, 0xFF, 0x03, 0x00, 0x00, 0x00, 0x00, 0xFC, 0xFF, 0x0F, 0x00, 0x00, 0x00,
    0x00, 0xF0, 0xFF, 0x3F, 0x00, 0x00, 0x00, 0x00, 0xC0, 0xFF, 0xFF, 0x00, 0x00, 0x00, 0x00, 0x00,
    0xFF, 0xFF, 0x03, 0x00, 0x00, 0x00, 0x00, 0xFC, 0xFF, 0x0F, 0x00, 0x00, 0x00, 0x00, 0xF0, 0xFF,
    0x3F, 0x00, 0x00, 0x00, 0x00, 0xC0, 0xFF, 0xFF, 0x00, 0x00, 0x00, 0x00, 0x00, 0xFF, 0xFF, 0x03,
    0x00, 0x00, 0x00, 0x00, 0xFC, 0xFF, 0x0F, 0x00, 0x00, 0x00, 0x00, 0xF0, 0xFF, 0x3F, 0x00, 0x00,
    0x00, 0x00, 0xC0, 0xFF, 0xFF, 0x00, 0x00, 0x00, 0x00, 0x00, 0xFF, 0xFF, 0x03, 0x00, 0x00, 0x00,
    0x00, 0xFC, 0xFF, 0x0F, 0x00, 0x00, 0x00, 0x00, 0xF0, 0xFF, 0x3F, 0x00, 0x00, 0x00, 0x00, 0xC0,
    0xFF, 0xFF, 0x00, 0x00, 0x00, 0x00, 0x00, 0xFF, 0xFF, 0x03, 0x00, 0x00, 0x00, 0x00, 0xFC, 0xFF,
    0x0F, 0x00, 0x00, 0x00, 0x00, 0xF0, 0xFF, 0x3F, 0x00, 0x00, 0x00, 0x00, 0xC0, 0xFF, 0xFF, 0x00,
    0x00, 0x00, 0x00, 0x00, 0xFF, 0xFF, 0x03, 0x00, 0x00, 0x00, 0x00, 0xFC, 0xFF, 0x0F, 0x00, 0x00,
    0x00, 0x00, 0xF0, 0xFF, 0x3F, 0x00, 0x00, 0x00, 0x00, 0xC0, 0xFF, 0xFF, 0x00, 0x00, 0x00, 0x00,
    0x00, 0xFF, 0xFF, 0x03, 0x00, 0x00, 0x00, 0x00, 0xFC, 0xFF, 0x0F, 0x00, 0x00, 0x00, 0x00, 0xF0,
    0xFF, 0x3F, 0x00, 0x00, 0x00, 0x00, 0xC0, 0xFF, 0xFF, 0x00, 0x00, 0x00, 0x00, 0x00, 0xFF, 0xFF,
    0x03, 0x00, 0x00, 0x00, 0x00, 0xFC, 0xFF, 0x0F, 0x00, 0x00, 0x00, 0x00, 0xF0, 0xFF, 0x3F, 0x00,
    0x00, 0x00, 0x00, 0xC0, 0xFF, 0xFF, 0x00, 0x00, 0x00, 0x00, 0x00, 0xFF, 0xFF, 0x03, 0x00, 0x00,
    0x00, 0x00, 0xFC, 0xFF, 0x0F, 0x00, 0x00, 0x00, 0x00, 0xF0, 0xFF, 0x3F, 0x00, 0x00, 0x00, 0x00,
    0xC0, 0xFF, 0xFF, 0xFF, 0xFF, 0x03, 0x00, 0x00, 0xFF, 0xFF, 0xFF, 0xFF, 0x0F, 0x00, 0x00, 0xFC,
    0xFF, 0xF7, 0xFF, 0x3F, 0x00, 0x00, 0xF0, 0xFF, 0xDF, 0xFF, 0xFF, 0x00, 0x00, 0xE0, 0xFF, 0x7F,
    0xFE, 0xFF, 0x03, 0x00, 0x80, 0xFF, 0xFF, 0xF9, 0xFF, 0x1F, 0x00, 0x00, 0xFE, 0xFF, 0xE7, 0xFF,
    0x7F, 0x00, 0x00, 0xFC, 0xFF, 0x9F, 0xFF, 0xFF, 0x03, 0x00, 0xF0, 0xFF, 0x3F, 0xFE, 0xFF, 0x0F,
    0x00, 0xE0, 0xFF, 0xFF, 0xF0, 0xFF, 0x7F, 0x00, 0xC0, 0xFF, 0xFF, 0xC3, 0xFF, 0xFF, 0x03, 0x80,
    0xFF, 0xFF, 0x07, 0xFF, 0xFF, 0x7F, 0x80, 0xFF, 0xFF, 0x1F, 0xF8, 0xFF, 0xFF, 0xFF, 0xFF, 0xFF,
    0x3F, 0xE0, 0xFF, 0xFF, 0xFF, 0xFF, 0xFF, 0xFF, 0x00, 0xFF, 0xFF, 0xFF, 0xFF, 0xFF, 0xFF, 0x01,
    0xF8, 0xFF, 0xFF, 0xFF, 0xFF, 0xFF, 0x03, 0xE0, 0xFF, 0xFF, 0xFF, 0xFF, 0xFF, 0x0F, 0x00, 0xFF,
    0xFF, 0xFF, 0xFF, 0xFF, 0x1F, 0x00, 0xF8, 0xFF, 0xFF, 0xFF, 0xFF, 0x3F, 0x00, 0xC0, 0xFF, 0xFF,
    0xFF, 0xFF, 0x7F, 0x00, 0x00, 0xFE, 0xFF, 0xFF, 0xFF, 0x7F, 0x00, 0x00, 0xE0, 0xFF, 0xFF, 0xFF,
    0xFF, 0x00, 0x00, 0x00, 0xFE, 0xFF, 0xFF, 0xFF, 0x00, 0x00, 0x00, 0xE0, 0xFF, 0xFF, 0xFF, 0x00,
    0x00, 0x00, 0x00, 0xFC, 0xFF, 0x7F, 0x00, 0x00, 0x00, 0x00, 0x00, 0xFF, 0x1F, 0x00, 0x00, 0x00,
    // Unicode: [0x004B]
    0xFF, 0xFF, 0x01, 0x00, 0x00, 0xC0, 0xFF, 0xFF, 0xEF, 0xFF, 0x3F, 0x00, 0x00, 0x00, 0xFC, 0xFF,
    0xFF, 0xFC, 0xFF, 0x07, 0x00, 0x00, 0x80, 0xFF, 0xFF, 0x8F, 0xFF, 0xFF, 0x00, 0x00, 0x00, 0xF8,
    0xFF, 0xFF, 0xF0, 0xFF, 0x1F, 0x00, 0x00, 0x80, 0xFF, 0xFF, 0x1F, 0xFE, 0xFF, 0x03, 0x00, 0x00,
    0xF8, 0xFF, 0xFF, 0xC1, 0xFF, 0x7F, 0x00, 0x00, 0x00, 0xFF, 0xFF, 0x1F, 0xF8, 0xFF, 0x0F, 0x00,
    0x00, 0xF0, 0xFF, 0xFF, 0x01, 0xFF, 0xFF, 0x01, 0x00, 0x00, 0xFF, 0xFF, 0x1F, 0xE0, 0xFF, 0x3F,
    0x00, 0x00, 0xF0, 0xFF, 0xFF, 0x03, 0xFC, 0xFF, 0x07, 0x00, 0x00, 0xFF, 0xFF, 0x3F, 0x80, 0xFF,
    0xFF, 0x00, 0x00, 0xE0, 0xFF, 0xFF, 0x03, 0xF0, 0xFF, 0x1F, 0x00, 0x00, 0xFE, 0xFF, 0x3F, 0x00,
    0xFE, 0xFF, 0x03, 0x00, 0xE0, 0xFF, 0xFF, 0x03, 0xC0, 0xFF, 0x7F, 0x00, 0x00, 0xFE, 0xFF, 0x7F,
    0x00, 0xF8, 0xFF, 0x0F, 0x00, 0xC0, 0xFF, 0xFF, 0x07, 0x00, 0xFF, 0xFF, 0x01, 0x00, 0xFC, 0xFF,
    0x7F, 0x00, 0xE0, 0xFF, 0x3F, 0x00, 0xC0, 0xFF, 0xFF, 0x07, 0x00, 0xFC, 0xFF, 0x07, 0x00, 0xFC,
    0xFF, 0x7F, 0x00, 0x80, 0xFF, 0xFF, 0x00, 0xC0, 0xFF, 0xFF, 0x0F, 0x00, 0xF0, 0xFF, 0x1F, 0x00,
    0xF8, 0xFF, 0xFF, 0x00, 0x00, 0xFE, 0xFF, 0x03, 0x80, 0xFF, 0xFF, 0x0F, 0x00, 0xC0, 0xFF, 0x7F,
    0x00, 0xF8, 0xFF, 0xFF, 0x00, 0x00, 0xF8, 0xFF, 0x0F, 0x80, 0xFF, 0xFF, 0x0F, 0x00, 0x00, 0xFF,
    0xFF, 0x01, 0xF0, 0xFF, 0xFF, 0x01, 0x00, 0xE0, 0xFF, 0x3F, 0x00, 0xFF, 0xFF, 0x1F, 0x00, 0x00,
    0xFC, 0xFF, 0x07, 0xF0, 0xFF, 0xFF, 0x01, 0x00, 0x80, 0xFF, 0xFF, 0x00, 0xFF, 0xFF, 0x1F, 0x00,
    0x00, 0xF0, 0xFF, 0x1F, 0xF0, 0xFF, 0xFF, 0x01, 0x00, 0x00, 0xFE, 0xFF, 0x03, 0xFE, 0xFF, 0x3F,
    0x00, 0x00, 0xC0, 0xFF, 0x7F, 0xE0, 0xFF, 0xFF, 0x03, 0x00, 0x00, 0xF8, 0xFF, 0x0F, 0xFE, 0xFF,
    0x3F, 0x00, 0x00, 0x00, 0xFF, 0xFF, 0xC1, 0xFF, 0xFF, 0x03, 0x00, 0x00, 0xE0, 0xFF, 0x3F, 0xFC,
    0xFF, 0x3F, 0x00, 0x00, 0x00, 0xFC, 0xFF, 0xC7, 0xFF, 0xFF, 0x07, 0x00, 0x00, 0x80, 0xFF, 0xFF,
    0xFC, 0xFF, 0x7F, 0x00, 0x00, 0x00, 0xF0, 0xFF, 0x9F, 0xFF, 0xFF, 0x07, 0x00, 0x00, 0x00, 0xFE,
    0xFF, 0xFB, 0xFF, 0x7F, 0x00, 0x00, 0x00, 0xC0, 0xFF, 0xFF, 0xFF, 0xFF, 0x0F, 0x00, 0x00, 0x00,
    0xF8, 0xFF, 0xFF, 0xFF, 0xFF, 0x03, 0x00, 0x00, 0x00, 0xFF, 0xFF, 0xFF, 0xFF, 0xFF, 0x00, 0x00,
    0x00, 0xE0, 0xFF, 0xFF, 0xFF, 0xFF, 0x1F, 0x00, 0x00, 0x00, 0xFC, 0xFF, 0xFF, 0xFF, 0xFF, 0x07,
    0x00, 0x00, 0x80, 0xFF, 0xFF, 0xFF, 0xFF, 0xFF, 0x01, 0x00, 0x00, 0xF0, 0xFF, 0xFF, 0xFF, 0xFF,
    0x3F, 0x00, 0x00, 0x00, 0xFE, 0xFF, 0xFF, 0xFF, 0xFF, 0x0F, 0x00, 0x00, 0xC0, 0xFF, 0xFF, 0xFF,
    0xFF, 0xFF, 0x03, 0x00, 0x00, 0xF8, 0xFF, 0xFF, 0xFF, 0xFF, 0x7F, 0x00, 0x00, 0x00, 0xFF, 0xFF,
    0xFF, 0xFF, 0xFF, 0x1F, 0x00, 0x00, 0xE0, 0xFF, 0xFF, 0xFF, 0xFF, 0xFF, 0x07, 0x00, 0x00, 0xFC,
    0xFF, 0xFF, 0xFF, 0xFF, 0xFF, 0x00, 0x00, 0x80, 0xFF, 0xFF, 0xFF, 0xFD, 0xFF, 0x3F, 0x00, 0x00,
    0xF0, 0xFF, 0xFF, 0x9F, 0xFF, 0xFF, 0x0F, 0x00, 0x00, 0xFE, 0xFF, 0xFF, 0xE1, 0xFF, 0xFF, 0x01,
    0x00, 0xC0, 0xFF, 0xFF, 0x1F, 0xF8, 0xFF, 0x7F, 0x00, 0x00, 0xF8, 0xFF, 0xFF, 0x01, 0xFF, 0xFF,
    0x1F, 0x00, 0x00, 0xFF, 0xFF, 0x1F, 0xC0, 0xFF, 0xFF, 0x03, 0x00, 0xE0, 0xFF, 0xFF, 0x01, 0xF8,
    0xFF, 0xFF, 0x00, 0x00, 0xFC, 0xFF, 0x1F, 0x00, 0xFE, 0xFF, 0x3F, 0x00, 0x80, 0xFF, 0xFF, 0x01,
    0x80, 0xFF, 0xFF, 0x07, 0x00, 0xF0, 0xFF, 0x1F, 0x00, 0xF0, 0xFF, 0xFF, 0x01, 0x00, 0xFE, 0xFF,
    0x03, 0x00, 0xFC, 0xFF, 0x7F, 0x00, 0xC0, 0xFF, 0x7F, 0x00, 0x00, 0xFF, 0xFF, 0x0F, 0x00, 0xF8,
    0xFF, 0x0F, 0x00, 0xE0, 0xFF, 0xFF, 0x03, 0x00, 0xFF, 0xFF, 0x01, 0x00, 0xF8, 0xFF, 0xFF, 0x00,
    0xE0, 0xFF, 0x3F, 0x00, 0x00, 0xFE, 0xFF, 0x1F, 0x00, 0xFC, 0xFF, 0x07, 0x00, 0xC0, 0xFF, 0xFF,
    0x07, 0x80, 0xFF, 0xFF, 0x00, 0x00, 0xF0, 0xFF, 0xFF, 0x01, 0xF0, 0xFF, 0x1F, 0x00, 0x00, 0xFC,
    0xFF, 0x3F, 0x00, 0xFE, 0xFF, 0x03, 0x00, 0x80, 0xFF, 0xFF, 0x0F, 0xC0, 0xFF, 0x7F, 0x00, 0x00,
    0xE0, 0xFF, 0xFF, 0x03, 0xF8, 0xFF, 0x0F, 0x00, 0x00, 0xFC, 0xFF, 0x7F, 0x00, 0xFF, 0xFF, 0x01,
    0x00, 0x00, 0xFF, 0xFF, 0x1F, 0xE0, 0xFF, 0x3F, 0x00, 0x00, 0xC0, 0xFF, 0xFF, 0x07, 0xFC, 0xFF,
    0x07, 0x00, 0x00, 0xF8, 0xFF, 0xFF, 0x80, 0xFF, 0xFF, 0x00, 0x00, 0x00, 0xFE, 0xFF, 0x3F, 0xF0,
    0xFF, 0x1F, 0x00, 0x00, 0x80, 0xFF, 0xFF, 0x07, 0xFE, 0xFF, 0x03, 0x00, 0x00, 0xF0, 0xFF, 0xFF,
    0xC1, 0xFF, 0x7F, 0x00, 0x00, 0x00, 0xFC, 0xFF, 0x7F, 0xF8, 0xFF, 0x0F, 0x00, 0x00, 0x00, 0xFF,
    0xFF, 0x0F, 0xFF, 0xFF, 0x01, 0x00, 0x00, 0xE0, 0xFF, 0xFF, 0xE3, 0xFF, 0x3F, 0x00, 0x00, 0x00,
    0xF8, 0xFF, 0xFF, 0xFC, 0xFF, 0x07, 0x00, 0x00, 0x00, 0xFE, 0xFF, 0x9F, 0xFF, 0xFF, 0x00, 0x00,
    0x00, 0xC0, 0xFF, 0xFF, 0xF7, 0xFF, 0x1F, 0x00, 0x00, 0x00, 0xF0, 0xFF, 0xFF, 0x01,
    // Unicode: [0x004C]
    0xFF, 0xFF, 0x01, 0x00, 0x00, 0x00, 0x80, 0xFF, 0xFF, 0x00, 0x00, 0x00, 0x00, 0xC0, 0xFF, 0x7F,
    0x00, 0x00, 0x00, 0x00, 0xE0, 0xFF, 0x3F, 0x00, 0x00, 0x00, 0x00, 0xF0, 0xFF, 0x1F, 0x00, 0x00,
    0x00, 0x00, 0xF8, 0xFF, 0x0F, 0x00, 0x00, 0x00, 0x00, 0xFC, 0xFF, 0x07, 0x00, 0x00, 0x00, 0x00,
    0xFE, 0xFF, 0x03, 0x00, 0x00, 0x00, 0x00, 0xFF, 0xFF, 0x01, 0x00, 0x00, 0x00, 0x80, 0xFF, 0xFF,
    0x00, 0x00, 0x00, 0x00, 0xC0, 0xFF, 0x7F, 0x00, 0x00, 0x00, 0x00, 0xE0, 0xFF, 0x3F, 0x00, 0x00,
    0x00, 0x00, 0xF0, 0xFF, 0x1F, 0x00, 0x00, 0x00, 0x00, 0xF8, 0xFF, 0x0F, 0x00, 0x00, 0x00, 0x00,
    0xFC, 0xFF, 0x07, 0x00, 0x00, 0x00, 0x00, 0xFE, 0xFF, 0x03, 0x00, 0x00, 0x00, 0x00, 0xFF, 0xFF,
    0x01, 0x00, 0x00, 0x00, 0x80, 0xFF, 0xFF, 0x00, 0x00, 0x00, 0x00, 0xC0, 0xFF, 0x7F, 0x00, 0x00,
    0x00, 0x00, 0xE0, 0xFF, 0x3F, 0x00, 0x00, 0x00, 0x00, 0xF0, 0xFF, 0x1F, 0x00, 0x00, 0x00, 0x00,
    0xF8, 0xFF, 0x0F, 0x00, 0x00, 0x00, 0x00, 0xFC, 0xFF, 0x07, 0x00, 0x00, 0x00, 0x00, 0xFE, 0xFF,
    0x03, 0x00, 0x00, 0x00, 0x00, 0xFF, 0xFF, 0x01, 0x00, 0x00, 0x00, 0x80, 0xFF, 0xFF, 0x00, 0x00,
    0x00, 0x00, 0xC0, 0xFF, 0x7F, 0x00, 0x00, 0x00, 0x00, 0xE0, 0xFF, 0x3F, 0x00, 0x00, 0x00, 0x00,
    0xF0, 0xFF, 0x1F, 0x00, 0x00, 0x00, 0x00, 0xF8, 0xFF, 0x0F, 0x00, 0x00, 0x00, 0x00, 0xFC, 0xFF,
    0x07, 0x00, 0x00, 0x00, 0x00, 0xFE, 0xFF, 0x03, 0x00, 0x00, 0x00, 0x00, 0xFF, 0xFF, 0x01, 0x00,
    0x00, 0x00, 0x80, 0xFF, 0xFF, 0x00, 0x00, 0x00, 0x00, 0xC0, 0xFF, 0x7F, 0x00, 0x00, 0x00, 0x00,
    0xE0, 0xFF, 0x3F, 0x00, 0x00, 0x00, 0x00, 0xF0, 0xFF, 0x1F, 0x00, 0x00, 0x00, 0x00, 0xF8, 0xFF,
    0x0F, 0x00, 0x00, 0x00, 0x00, 0xFC, 0xFF, 0x07, 0x00, 0x00, 0x00, 0x00, 0xFE, 0xFF, 0x03, 0x00,
    0x00, 0x00, 0x00, 0xFF, 0xFF, 0x01, 0x00, 0x00, 0x00, 0x80, 0xFF, 0xFF, 0x00, 0x00, 0x00, 0x00,
    0xC0, 0xFF, 0x7F, 0x00, 0x00, 0x00, 0x00, 0xE0, 0xFF, 0x3F, 0x00, 0x00, 0x00, 0x00, 0xF0, 0xFF,
    0x1F, 0x00, 0x00, 0x00, 0x00, 0xF8, 0xFF, 0x0F, 0x00, 0x00, 0x00, 0x00, 0xFC, 0xFF, 0x07, 0x00,
    0x00, 0x00, 0x00, 0xFE, 0xFF, 0x03, 0x00, 0x00, 0x00, 0x00, 0xFF, 0xFF, 0x01, 0x00, 0x00, 0x00,
    0x80, 0xFF, 0xFF, 0x00, 0x00, 0x00, 0x00, 0xC0, 0xFF, 0x7F, 0x00, 0x00, 0x00, 0x00, 0xE0, 0xFF,
    0x3F, 0x00, 0x00, 0x00, 0x00, 0xF0, 0xFF, 0x1F, 0x00, 0x00, 0x00, 0x00, 0xF8, 0xFF, 0x0F, 0x00,
    0x00, 0x00, 0x00, 0xFC, 0xFF, 0x07, 0x00, 0x00, 0x00, 0x00, 0xFE, 0xFF, 0x03, 0x00, 0x00, 0x00,
    0x00, 0xFF, 0xFF, 0x01, 0x00, 0x00, 0x00, 0x80, 0xFF, 0xFF, 0x00, 0x00, 0x00, 0x00, 0xC0, 0xFF,
    0x7F, 0x00, 0x00, 0x00, 0x00, 0xE0, 0xFF, 0x3F, 0x00, 0x00, 0x00, 0x00, 0xF0, 0xFF, 0x1F, 0x00,
    0x00, 0x00, 0x00, 0xF8, 0xFF, 0x0F, 0x00, 0x00, 0x00, 0x00, 0xFC, 0xFF, 0x07, 0x00, 0x00, 0x00,
    0x00, 0xFE, 0xFF, 0x03, 0x00, 0x00, 0x00, 0x00, 0xFF, 0xFF, 0x01, 0x00, 0x00, 0x00, 0x80, 0xFF,
    0xFF, 0x00, 0x00, 0x00, 0x00, 0xC0, 0xFF, 0x7F, 0x00, 0x00, 0x00, 0x00, 0xE0, 0xFF, 0x3F, 0x00,
    0x00, 0x00, 0x00, 0xF0, 0xFF, 0x1F, 0x00, 0x00, 0x00, 0x00, 0xF8, 0xFF, 0x0F, 0x00, 0x00, 0x00,
    0x00, 0xFC, 0xFF, 0x07, 0x00, 0x00, 0x00, 0x00, 0xFE, 0xFF, 0xFF, 0xFF, 0xFF, 0xFF, 0xFF, 0xFF,
    0xFF, 0xFF, 0xFF, 0xFF, 0xFF, 0xFF, 0xFF, 0xFF, 0xFF, 0xFF, 0xFF, 0xFF, 0xFF, 0xFF, 0xFF, 0xFF,
    0xFF, 0xFF, 0xFF, 0xFF, 0xFF, 0xFF, 0xFF, 0xFF, 0xFF, 0xFF, 0xFF, 0xFF, 0xFF, 0xFF, 0xFF, 0xFF,
    0xFF, 0xFF, 0xFF, 0xFF, 0xFF, 0xFF, 0xFF, 0xFF, 0xFF, 0xFF, 0xFF, 0xFF, 0xFF, 0xFF, 0xFF, 0xFF,
    0xFF, 0xFF, 0xFF, 0xFF, 0xFF, 0xFF, 0xFF, 0xFF, 0xFF, 0xFF, 0xFF, 0xFF, 0xFF, 0xFF, 0xFF, 0xFF,
    0xFF, 0xFF, 0xFF, 0xFF, 0xFF, 0xFF, 0xFF, 0xFF, 0xFF, 0xFF, 0xFF, 0xFF, 0xFF, 0xFF, 0xFF, 0xFF,
    0xFF, 0xFF, 0xFF, 0xFF, 0xFF, 0xFF, 0xFF, 0xFF, 0x07,
    // Unicode: [0x004D]
    0xFF, 0xFF, 0x7F, 0x00, 0x00, 0x00, 0x00, 0x00, 0xFC, 0xFF, 0xFF, 0xFF, 0xFF, 0xFF, 0x00, 0x00,
    0x00, 0x00, 0x00, 0xF8, 0xFF, 0xFF, 0xFF, 0xFF, 0xFF, 0x01, 0x00, 0x00, 0x00, 0x00, 0xF8, 0xFF,
    0xFF, 0xFF, 0xFF, 0xFF, 0x07, 0x00, 0x00, 0x00, 0x00, 0xF0, 0xFF, 0xFF, 0xFF, 0xFF, 0xFF, 0x0F,
    0x00, 0x00, 0x00, 0x00, 0xE0, 0xFF, 0xFF, 0xFF, 0xFF, 0xFF, 0x3F, 0x00, 0x00, 0x00, 0x00, 0xE0,
    0xFF, 0xFF, 0xFF, 0xFF, 0xFF, 0x7F, 0x00, 0x00, 0x00, 0x00, 0xC0, 0xFF, 0xFF, 0xFF, 0xFF, 0xFF,
    0xFF, 0x00, 0x00, 0x00, 0x00, 0x80, 0xFF, 0xFF, 0xFF, 0xFF, 0xFF, 0xFF, 0x03, 0x00, 0x00, 0x00,
    0x80, 0xFF, 0xFF, 0xFF, 0xFF, 0xFF, 0xFF, 0x07, 0x00, 0x00, 0x00, 0x00, 0xFF, 0xFF, 0xFF, 0xFF,
    0xFF, 0xFF, 0x0F, 0x00, 0x00, 0x00, 0x00, 0xFE, 0xFF, 0xFF, 0xFF, 0xFF, 0xFF, 0x3F, 0x00, 0x00,
    0x00, 0x00, 0xFE, 0xFF, 0xFF, 0xFF, 0xFF, 0xFF, 0x7F, 0x00, 0x00, 0x00, 0x00, 0xFC, 0xFF, 0xFF,
    0xFF, 0xFF, 0xFF, 0xFF, 0x00, 0x00, 0x00, 0x00, 0xF8, 0xFF, 0xFF, 0xFF, 0xFF, 0xFF, 0xFF, 0x03,
    0x00, 0x00, 0x00, 0xF8, 0xFF, 0xFF, 0xFF, 0xFF, 0xFF, 0xFF, 0x07, 0x00, 0x00, 0x00, 0xF0, 0xFF,
    0xFF, 0xFF, 0xFF, 0xFF, 0xFF, 0x0F, 0x00, 0x00, 0x00, 0xF0, 0xFF, 0xFF, 0xFF, 0xFF, 0xFF, 0xFF,
    0x3F, 0x00, 0x00, 0x00, 0xE0, 0xFF, 0xFF, 0xFF, 0xFF, 0xFF, 0xFF, 0x7F, 0x00, 0x00, 0x00, 0xC0,
    0xFF, 0xFF, 0xFF, 0xFF, 0xFF, 0xFF, 0xFF, 0x01, 0x00, 0x00, 0xC0, 0xFF, 0xFF, 0xFF, 0xFF, 0xFF,
    0xFF, 0xFF, 0x03, 0x00, 0x00, 0x80, 0xFF, 0xFF, 0xFF, 0xFF, 0xFF, 0xFF, 0xFF, 0x07, 0x00, 0x00,
    0x00, 0xFF, 0xFF, 0xFF, 0xFF, 0xFF, 0xDF, 0xFF, 0x1F, 0x00, 0x00, 0x00, 0xFF, 0xFF, 0xFF, 0xFF,
    0xFF, 0xFF, 0xFF, 0x3F, 0x00, 0x00, 0x00, 0xFE, 0xFF, 0xFF, 0xFF, 0xFF, 0xFF, 0xFF, 0x7F, 0x00,
    0x00, 0x00, 0xFC, 0xFF, 0xFE, 0xFF, 0xFF, 0xFF, 0xFD, 0xFF, 0x01, 0x00, 0x00, 0xFC, 0xFF, 0xFD,
    0xFF, 0xFF, 0xFF, 0xFB, 0xFF, 0x03, 0x00, 0x00, 0xF8, 0xFF, 0xFB, 0xFF, 0xFF, 0xFF, 0xE7, 0xFF,
    0x07, 0x00, 0x00, 0xF0, 0xFF, 0xF3, 0xFF, 0xFF, 0xFF, 0xCF, 0xFF, 0x1F, 0x00, 0x00, 0xF0, 0xFF,
    0xE7, 0xFF, 0xFF, 0xFF, 0x9F, 0xFF, 0x3F, 0x00, 0x00, 0xE0, 0xFF, 0xCF, 0xFF, 0xFF, 0xFF, 0x3F,
    0xFE, 0x7F, 0x00, 0x00, 0xE0, 0xFF, 0x8F, 0xFF, 0xFF, 0xFF, 0x7F, 0xFC, 0xFF, 0x01, 0x00, 0xC0,
    0xFF, 0x1F, 0xFF, 0xFF, 0xFF, 0xFF, 0xF8, 0xFF, 0x03, 0x00, 0x80, 0xFF, 0x3F, 0xFE, 0xFF, 0xFF,
    0xFF, 0xE1, 0xFF, 0x07, 0x00, 0x80, 0xFF, 0x3F, 0xFC, 0xFF, 0xFF, 0xFF, 0xC3, 0xFF, 0x1F, 0x00,
    0x00, 0xFF, 0x7F, 0xF8, 0xFF, 0xFF, 0xFF, 0x87, 0xFF, 0x3F, 0x00, 0x00, 0xFE, 0x7F, 0xF0, 0xFF,
    0xFF, 0xFF, 0x0F, 0xFE, 0xFF, 0x00, 0x00, 0xFE, 0xFF, 0xE0, 0xFF, 0xFF, 0xFF, 0x1F, 0xFC, 0xFF,
    0x01, 0x00, 0xFC, 0xFF, 0xC1, 0xFF, 0xFF, 0xFF, 0x3F, 0xF0, 0xFF, 0x03, 0x00, 0xF8, 0xFF, 0x81,
    0xFF, 0xFF, 0xFF, 0x7F, 0xE0, 0xFF, 0x0F, 0x00, 0xF8, 0xFF, 0x03, 0xFF, 0xFF, 0xFF, 0xFF, 0xC0,
    0xFF, 0x1F, 0x00, 0xF0, 0xFF, 0x07, 0xFE, 0xFF, 0xFF, 0xFF, 0x01, 0xFF, 0x3F, 0x00, 0xE0, 0xFF,
    0x07, 0xFC, 0xFF, 0xFF, 0xFF, 0x03, 0xFE, 0xFF, 0x00, 0xE0, 0xFF, 0x0F, 0xF8, 0xFF, 0xFF, 0xFF,
    0x07, 0xFC, 0xFF, 0x01, 0xC0, 0xFF, 0x1F, 0xF0, 0xFF, 0xFF, 0xFF, 0x0F, 0xF0, 0xFF, 0x03, 0x80,
    0xFF, 0x1F, 0xF0, 0xFF, 0xFF, 0xFF, 0x1F, 0xE0, 0xFF, 0x0F, 0x80, 0xFF, 0x3F, 0xE0, 0xFF, 0xFF,
    0xFF, 0x7F, 0xC0, 0xFF, 0x1F, 0x00, 0xFF, 0x3F, 0xC0, 0xFF, 0xFF, 0xFF, 0xFF, 0x00, 0xFF, 0x3F,
    0x00, 0xFF, 0x7F, 0x80, 0xFF, 0xFF, 0xFF, 0xFF, 0x01, 0xFE, 0xFF, 0x00, 0xFE, 0xFF, 0x00, 0xFF,
    0xFF, 0xFF, 0xFF, 0x03, 0xF8, 0xFF, 0x01, 0xFC, 0xFF, 0x00, 0xFE, 0xFF, 0xFF, 0xFF, 0x07, 0xF0,
    0xFF, 0x07, 0xFC, 0xFF, 0x01, 0xFC, 0xFF, 0xFF, 0xFF, 0x0F, 0xE0, 0xFF, 0x0F, 0xF8, 0xFF, 0x03,
    0xF8, 0xFF, 0xFF, 0xFF, 0x1F, 0x80, 0xFF, 0x1F, 0xF0, 0xFF, 0x03, 0xF0, 0xFF, 0xFF, 0xFF, 0x3F,
    0x00, 0xFF, 0x7F, 0xF0, 0xFF, 0x07, 0xE0, 0xFF, 0xFF, 0xFF, 0x7F, 0x00, 0xFE, 0xFF, 0xE0, 0xFF,
    0x0F, 0xC0, 0xFF, 0xFF, 0xFF, 0xFF, 0x00, 0xF8, 0xFF, 0xC1, 0xFF, 0x0F, 0x80, 0xFF, 0xFF, 0xFF,
    0xFF, 0x01, 0xF0, 0xFF, 0xC7, 0xFF, 0x1F, 0x00, 0xFF, 0xFF, 0xFF, 0xFF, 0x03, 0xE0, 0xFF, 0x8F,
    0xFF, 0x1F, 0x00, 0xFE, 0xFF, 0xFF, 0xFF, 0x07, 0x80, 0xFF, 0x1F, 0xFF, 0x3F, 0x00, 0xFC, 0xFF,
    0xFF, 0xFF, 0x0F, 0x00, 0xFF, 0x7F, 0xFF, 0x7F, 0x00, 0xF8, 0xFF, 0xFF, 0xFF, 0x1F, 0x00, 0xFC,
    0xFF, 0xFE, 0x7F, 0x00, 0xF0, 0xFF, 0xFF, 0xFF, 0x3F, 0x00, 0xF8, 0xFF, 0xFD, 0xFF, 0x00, 0xE0,
    0xFF, 0xFF, 0xFF, 0x7F, 0x00, 0xF0, 0xFF, 0xFF, 0xFF, 0x01, 0xC0, 0xFF, 0xFF, 0xFF, 0xFF, 0x00,
    0xC0, 0xFF, 0xFF, 0xFF, 0x01, 0x80, 0xFF, 0xFF, 0xFF, 0xFF, 0x01, 0x80, 0xFF, 0xFF, 0xFF, 0x03,
    0x00, 0xFF, 0xFF, 0xFF, 0xFF, 0x03, 0x00, 0xFF, 0xFF, 0xFF, 0x07, 0x00, 0xFE, 0xFF, 0xFF, 0xFF,
    0x07, 0x00, 0xFC, 0xFF, 0xFF, 0x07, 0x00, 0xFC, 0xFF, 0xFF, 0xFF, 0x0F, 0x00, 0xF8, 0xFF, 0xFF,
    0x0F, 0x00, 0xF8, 0xFF, 0xFF, 0xFF, 0x1F, 0x00, 0xF0, 0xFF, 0xFF, 0x0F, 0x00, 0xF0, 0xFF, 0xFF,
    0xFF, 0x3F, 0x00, 0xC0, 0xFF, 0xFF, 0x1F, 0x00, 0xE0, 0xFF, 0xFF, 0xFF, 0x7F, 0x00, 0x80, 0xFF,
    0xFF, 0x3F, 0x00, 0xC0, 0xFF, 0xFF, 0xFF, 0xFF, 0x00, 0x00, 0xFE, 0xFF, 0x3F, 0x00, 0x80, 0xFF,
    0xFF, 0xFF, 0xFF, 0x01, 0x00, 0xFC, 0xFF, 0x7F, 0x00, 0x00, 0xFF, 0xFF, 0xFF, 0xFF, 0x03, 0x00,
    0xF8, 0xFF, 0xFF, 0x00, 0x00, 0xFE, 0xFF, 0xFF, 0xFF, 0x07, 0x00, 0xE0, 0xFF, 0xFF, 0x00, 0x00,
    0xFC, 0xFF, 0xFF, 0xFF, 0x0F, 0x00, 0xC0, 0xFF, 0xFF, 0x01, 0x00, 0xF8, 0xFF, 0xFF, 0xFF, 0x1F,
    0x00, 0x80, 0xFF, 0xFF, 0x03, 0x00, 0xF0, 0xFF, 0xFF, 0xFF, 0x3F, 0x00, 0x00, 0xFE, 0xFF, 0x03,
    0x00, 0xE0, 0xFF, 0xFF, 0xFF, 0x7F, 0x00, 0x00, 0xFC, 0xFF, 0x07, 0x00, 0xC0, 0xFF, 0xFF, 0xFF,
    0xFF, 0x00, 0x00, 0xF8, 0xFF, 0x07, 0x00, 0x80, 0xFF, 0xFF, 0xFF, 0xFF, 0x01, 0x00, 0xE0, 0xFF,
    0x0F, 0x00, 0x00, 0xFF, 0xFF, 0xFF, 0xFF, 0x03, 0x00, 0xC0, 0xFF, 0x1F, 0x00, 0x00, 0xFE, 0xFF,
    0xFF, 0xFF, 0x07, 0x00, 0x80, 0xFF, 0x1F, 0x00, 0x00, 0xFC, 0xFF, 0xFF, 0xFF, 0x0F, 0x00, 0x00,
    0xFE, 0x3F, 0x00, 0x00, 0xF8, 0xFF, 0xFF, 0xFF, 0x1F, 0x00, 0x00, 0xFC, 0x7F, 0x00, 0x00, 0xF0,
    0xFF, 0x1F,
    // Unicode: [0x004E]
    0xFF, 0xFF, 0x03, 0x00, 0x00, 0x00, 0xF0, 0xFF, 0xFF, 0xFF, 0x7F, 0x00, 0x00, 0x00, 0x00, 0xFE,
    0xFF, 0xFF, 0xFF, 0x1F, 0x00, 0x00, 0x00, 0xC0, 0xFF, 0xFF, 0xFF, 0xFF, 0x07, 0x00, 0x00, 0x00,
    0xF8, 0xFF, 0xFF, 0xFF, 0xFF, 0x00, 0x00, 0x00, 0x00, 0xFF, 0xFF, 0xFF, 0xFF, 0x3F, 0x00, 0x00,
    0x00, 0xE0, 0xFF, 0xFF, 0xFF, 0xFF, 0x07, 0x00, 0x00, 0x00, 0xFC, 0xFF, 0xFF, 0xFF, 0xFF, 0x01,
    0x00, 0x00, 0x80, 0xFF, 0xFF, 0xFF, 0xFF, 0x7F, 0x00, 0x00, 0x00, 0xF0, 0xFF, 0xFF, 0xFF, 0xFF,
    0x0F, 0x00, 0x00, 0x00, 0xFE, 0xFF, 0xFF, 0xFF, 0xFF, 0x03, 0x00, 0x00, 0xC0, 0xFF, 0xFF, 0xFF,
    0xFF, 0x7F, 0x00, 0x00, 0x00, 0xF8, 0xFF, 0xFF, 0xFF, 0xFF, 0x1F, 0x00, 0x00, 0x00, 0xFF, 0xFF,
    0xFF, 0xFF, 0xFF, 0x07, 0x00, 0x00, 0xE0, 0xFF, 0xFF, 0xFF, 0xFF, 0xFF, 0x00, 0x00, 0x00, 0xFC,
    0xFF, 0xFF, 0xFF, 0xFF, 0x3F, 0x00, 0x00, 0x80, 0xFF, 0xFF, 0xFF, 0xFF, 0xFF, 0x07, 0x00, 0x00,
    0xF0, 0xFF, 0xFF, 0xFF, 0xFF, 0xFF, 0x01, 0x00, 0x00, 0xFE, 0xFF, 0xFF, 0xFF, 0xFF, 0x7F, 0x00,
    0x00, 0xC0, 0xFF, 0xFF, 0xFF, 0xFF, 0xFF, 0x0F, 0x00, 0x00, 0xF8, 0xFF, 0xFF, 0xFF, 0xFF, 0xFF,
    0x03, 0x00, 0x00, 0xFF, 0xFF, 0xFF, 0xFF, 0xFF, 0xFF, 0x00, 0x00, 0xE0, 0xFF, 0xFF, 0xFF, 0xFF,
    0xFF, 0x1F, 0x00, 0x00, 0xFC, 0xFF, 0xFF, 0xFF, 0xFF, 0xFF, 0x07, 0x00, 0x80, 0xFF, 0xFF, 0xFF,
    0xFF, 0xFF, 0xFF, 0x00, 0x00, 0xF0, 0xFF, 0xFF, 0xFF, 0xFF, 0xFF, 0x3F, 0x00, 0x00, 0xFE, 0xFF,
    0xFF, 0xFF, 0xFF, 0xFF, 0x0F, 0x00, 0xC0, 0xFF, 0xFF, 0xFF, 0xFF, 0xFF, 0xFF, 0x01, 0x00, 0xF8,
    0xFF, 0xFF, 0xFF, 0xFF, 0xFF, 0x7F, 0x00, 0x00, 0xFF, 0xFF, 0xFF, 0xFF, 0xFB, 0xFF, 0x0F, 0x00,
    0xE0, 0xFF, 0xFF, 0xFF, 0x7F, 0xFF, 0xFF, 0x03, 0x00, 0xFC, 0xFF, 0xFF, 0xFF, 0xCF, 0xFF, 0xFF,
    0x00, 0x80, 0xFF, 0xFF, 0xFF, 0xFF, 0xF9, 0xFF, 0x1F, 0x00, 0xF0, 0xFF, 0xFF, 0xFF, 0x3F, 0xFE,
    0xFF, 0x07, 0x00, 0xFE, 0xFF, 0xFF, 0xFF, 0x87, 0xFF, 0xFF, 0x00, 0xC0, 0xFF, 0xFF, 0xFF, 0xFF,
    0xF0, 0xFF, 0x3F, 0x00, 0xF8, 0xFF, 0xFF, 0xFF, 0x1F, 0xFC, 0xFF, 0x0F, 0x00, 0xFF, 0xFF, 0xFF,
    0xFF, 0x03, 0xFF, 0xFF, 0x01, 0xE0, 0xFF, 0xFF, 0xFF, 0x7F, 0xE0, 0xFF, 0x7F, 0x00, 0xFC, 0xFF,
    0xFF, 0xFF, 0x0F, 0xF8, 0xFF, 0x1F, 0x80, 0xFF, 0xFF, 0xFF, 0xFF, 0x01, 0xFF, 0xFF, 0x03, 0xF0,
    0xFF, 0xFF, 0xFF, 0x3F, 0xC0, 0xFF, 0xFF, 0x00, 0xFE, 0xFF, 0xFF, 0xFF, 0x07, 0xF0, 0xFF, 0x1F,
    0xC0, 0xFF, 0xFF, 0xFF, 0xFF, 0x00, 0xFE, 0xFF, 0x07, 0xF8, 0xFF, 0xFF, 0xFF, 0x1F, 0x80, 0xFF,
    0xFF, 0x01, 0xFF, 0xFF, 0xFF, 0xFF, 0x03, 0xF0, 0xFF, 0x3F, 0xE0, 0xFF, 0xFF, 0xFF, 0x7F, 0x00,
    0xFC, 0xFF, 0x0F, 0xFC, 0xFF, 0xFF, 0xFF, 0x0F, 0x00, 0xFF, 0xFF, 0x81, 0xFF, 0xFF, 0xFF, 0xFF,
    0x01, 0xE0, 0xFF, 0x7F, 0xF0, 0xFF, 0xFF, 0xFF, 0x3F, 0x00, 0xF8, 0xFF, 0x1F, 0xFE, 0xFF, 0xFF,
    0xFF, 0x07, 0x00, 0xFF, 0xFF, 0xC3, 0xFF, 0xFF, 0xFF, 0xFF, 0x00, 0xC0, 0xFF, 0xFF, 0xF8, 0xFF,
    0xFF, 0xFF, 0x1F, 0x00, 0xF0, 0xFF, 0x3F, 0xFF, 0xFF, 0xFF, 0xFF, 0x03, 0x00, 0xFE, 0xFF, 0xE7,
    0xFF, 0xFF, 0xFF, 0x7F, 0x00, 0x80, 0xFF, 0xFF, 0xFD, 0xFF, 0xFF, 0xFF, 0x0F, 0x00, 0xE0, 0xFF,
    0xBF, 0xFF, 0xFF, 0xFF, 0xFF, 0x01, 0x00, 0xFC, 0xFF, 0xFF, 0xFF, 0xFF, 0xFF, 0x3F, 0x00, 0x00,
    0xFF, 0xFF, 0xFF, 0xFF, 0xFF, 0xFF, 0x07, 0x00, 0xE0, 0xFF, 0xFF, 0xFF, 0xFF, 0xFF, 0xFF, 0x00,
    0x00, 0xF8, 0xFF, 0xFF, 0xFF, 0xFF, 0xFF, 0x1F, 0x00, 0x00, 0xFE, 0xFF, 0xFF, 0xFF, 0xFF, 0xFF,
    0x03, 0x00, 0xC0, 0xFF, 0xFF, 0xFF, 0xFF, 0xFF, 0x7F, 0x00, 0x00, 0xF0, 0xFF, 0xFF, 0xFF, 0xFF,
    0xFF, 0x0F, 0x00, 0x00, 0xFE, 0xFF, 0xFF, 0xFF, 0xFF, 0xFF, 0x01, 0x00, 0x80, 0xFF, 0xFF, 0xFF,
    0xFF, 0xFF, 0x3F, 0x00, 0x00, 0xE0, 0xFF, 0xFF, 0xFF, 0xFF, 0xFF, 0x07, 0x00, 0x00, 0xFC, 0xFF,
    0xFF, 0xFF, 0xFF, 0xFF, 0x00, 0x00, 0x00, 0xFF, 0xFF, 0xFF, 0xFF, 0xFF, 0x1F, 0x00, 0x00, 0xE0,
    0xFF, 0xFF, 0xFF, 0xFF, 0xFF, 0x03, 0x00, 0x00, 0xF8, 0xFF, 0xFF, 0xFF, 0xFF, 0x7F, 0x00, 0x00,
    0x00, 0xFE, 0xFF, 0xFF, 0xFF, 0xFF, 0x0F, 0x00, 0x00, 0xC0, 0xFF, 0xFF, 0xFF, 0xFF, 0xFF, 0x01,
    0x00, 0x00, 0xF0, 0xFF, 0xFF, 0xFF, 0xFF, 0x3F, 0x00, 0x00, 0x00, 0xFC, 0xFF, 0xFF, 0xFF, 0xFF,
    0x07, 0x00, 0x00, 0x80, 0xFF, 0xFF, 0xFF, 0xFF, 0xFF, 0x00, 0x00, 0x00, 0xE0, 0xFF, 0xFF, 0xFF,
    0xFF, 0x1F, 0x00, 0x00, 0x00, 0xFC, 0xFF, 0xFF, 0xFF, 0xFF, 0x03, 0x00, 0x00, 0x00, 0xFF, 0xFF,
    0xFF, 0xFF, 0x7F, 0x00, 0x00, 0x00, 0xC0, 0xFF, 0xFF, 0xFF, 0xFF, 0x0F, 0x00, 0x00, 0x00, 0xF8,
    0xFF, 0xFF, 0xFF, 0xFF, 0x01, 0x00, 0x00, 0x00, 0xFE, 0xFF, 0xFF, 0xFF, 0x3F, 0x00, 0x00, 0x00,
    0xC0, 0xFF, 0xFF, 0xFF, 0xFF, 0x07, 0x00, 0x00, 0x00, 0xF0, 0xFF, 0xFF, 0xFF, 0xFF, 0x00, 0x00,
    0x00, 0x00, 0xFC, 0xFF, 0xFF, 0xFF, 0x1F, 0x00, 0x00, 0x00, 0x80, 0xFF, 0xFF, 0x01,
    // Unicode: [0x004F]
    0x00, 0x00, 0x00, 0xC0, 0xFF, 0x07, 0x00, 0x00, 0x00, 0x00, 0x00, 0x00, 0xF8, 0xFF, 0xFF, 0x00,
    0x00, 0x00, 0x00, 0x00, 0x00, 0xFE, 0xFF, 0xFF, 0x0F, 0x00, 0x00, 0x00, 0x00, 0x80, 0xFF, 0xFF,
    0xFF, 0xFF, 0x00, 0x00, 0x00, 0x00, 0xC0, 0xFF, 0xFF, 0xFF, 0xFF, 0x03, 0x00, 0x00, 0x00, 0xC0,
    0xFF, 0xFF, 0xFF, 0xFF, 0x1F, 0x00, 0x00, 0x00, 0xE0, 0xFF, 0xFF, 0xFF, 0xFF, 0xFF, 0x00, 0x00,
    0x00, 0xE0, 0xFF, 0xFF, 0xFF, 0xFF, 0xFF, 0x03, 0x00, 0x00, 0xE0, 0xFF, 0xFF, 0xFF, 0xFF, 0xFF,
    0x0F, 0x00, 0x00, 0xE0, 0xFF, 0xFF, 0xFF, 0xFF, 0xFF, 0x3F, 0x00, 0x00, 0xE0, 0xFF, 0xFF, 0xFF,
    0xFF, 0xFF, 0xFF, 0x00, 0x00, 0xE0, 0xFF, 0xFF, 0xFF, 0xFF, 0xFF, 0xFF, 0x03, 0x00, 0xE0, 0xFF,
    0xFF, 0xFF, 0xFF, 0xFF, 0xFF, 0x0F, 0x00, 0xE0, 0xFF, 0xFF, 0xFF, 0xFF, 0xFF, 0xFF, 0x3F, 0x00,
    0xC0, 0xFF, 0xFF, 0x3F, 0x80, 0xFF, 0xFF, 0x7F, 0x00, 0xC0, 0xFF, 0xFF, 0x0F, 0x00, 0xF8, 0xFF,
    0xFF, 0x01, 0xC0, 0xFF, 0xFF, 0x07, 0x00, 0xC0, 0xFF, 0xFF, 0x07, 0x80, 0xFF, 0xFF, 0x07, 0x00,
    0x00, 0xFF, 0xFF, 0x0F, 0x80, 0xFF, 0xFF, 0x07, 0x00, 0x00, 0xFC, 0xFF, 0x3F, 0x00, 0xFF, 0xFF,
    0x07, 0x00, 0x00, 0xF0, 0xFF, 0x7F, 0x00, 0xFF, 0xFF, 0x07, 0x00, 0x00, 0xC0, 0xFF, 0xFF, 0x01,
    0xFE, 0xFF, 0x07, 0x00, 0x00, 0x80, 0xFF, 0xFF, 0x03, 0xFE, 0xFF, 0x0F, 0x00, 0x00, 0x00, 0xFE,
    0xFF, 0x07, 0xFC, 0xFF, 0x0F, 0x00, 0x00, 0x00, 0xF8, 0xFF, 0x1F, 0xF8, 0xFF, 0x1F, 0x00, 0x00,
    0x00, 0xF0, 0xFF, 0x3F, 0xF8, 0xFF, 0x1F, 0x00, 0x00, 0x00, 0xE0, 0xFF, 0x7F, 0xF0, 0xFF, 0x3F,
    0x00, 0x00, 0x00, 0x80, 0xFF, 0xFF, 0xE1, 0xFF, 0x7F, 0x00, 0x00, 0x00, 0x00, 0xFF, 0xFF, 0xC3,
    0xFF, 0x7F, 0x00, 0x00, 0x00, 0x00, 0xFE, 0xFF, 0xC7, 0xFF, 0xFF, 0x00, 0x00, 0x00, 0x00, 0xF8,
    0xFF, 0x9F, 0xFF, 0xFF, 0x01, 0x00, 0x00, 0x00, 0xF0, 0xFF, 0x3F, 0xFF, 0xFF, 0x03, 0x00, 0x00,
    0x00, 0xE0, 0xFF, 0x7F, 0xFE, 0xFF, 0x07, 0x00, 0x00, 0x00, 0xC0, 0xFF, 0xFF, 0xFC, 0xFF, 0x07,
    0x00, 0x00, 0x00, 0x80, 0xFF, 0xFF, 0xF9, 0xFF, 0x0F, 0x00, 0x00, 0x00, 0x00, 0xFE, 0xFF, 0xFB,
    0xFF, 0x1F, 0x00, 0x00, 0x00, 0x00, 0xFC, 0xFF, 0xF7, 0xFF, 0x3F, 0x00, 0x00, 0x00, 0x00, 0xF8,
    0xFF, 0xFF, 0xFF, 0x7F, 0x00, 0x00, 0x00, 0x00, 0xF0, 0xFF, 0xFF, 0xFF, 0xFF, 0x00, 0x00, 0x00,
    0x00, 0xE0, 0xFF, 0xFF, 0xFF, 0xFF, 0x01, 0x00, 0x00, 0x00, 0xC0, 0xFF, 0xFF, 0xFF, 0xFF, 0x03,
    0x00, 0x00, 0x00, 0x80, 0xFF, 0xFF, 0xFF, 0xFF, 0x07, 0x00, 0x00, 0x00, 0x00, 0xFF, 0xFF, 0xFF,
    0xFF, 0x0F, 0x00, 0x00, 0x00, 0x00, 0xFE, 0xFF, 0xFF, 0xFF, 0x1F, 0x00, 0x00, 0x00, 0x00, 0xFC,
    0xFF, 0xFF, 0xFF, 0x3F, 0x00, 0x00, 0x00, 0x00, 0xF8, 0xFF, 0xFF, 0xFF, 0x7F, 0x00, 0x00, 0x00,
    0x00, 0xF0, 0xFF, 0xFF, 0xFF, 0xFF, 0x00, 0x00, 0x00, 0x00, 0xE0, 0xFF, 0xFF, 0xFF, 0xFF, 0x01,
    0x00, 0x00, 0x00, 0xC0, 0xFF, 0xFF, 0xFF, 0xFF, 0x03, 0x00, 0x00, 0x00, 0x80, 0xFF, 0xFF, 0xFF,
    0xFF, 0x07, 0x00, 0x00, 0x00, 0x00, 0xFF, 0xFF, 0xFF, 0xFF, 0x0F, 0x00, 0x00, 0x00, 0x00, 0xFE,
    0xFF, 0xFF, 0xFF, 0x1F, 0x00, 0x00, 0x00, 0x00, 0xFC, 0xFF, 0xFF, 0xFF, 0x3F, 0x00, 0x00, 0x00,
    0x00, 0xF8, 0xFF, 0xCF, 0xFF, 0x7F, 0x00, 0x00, 0x00, 0x00, 0xF8, 0xFF, 0x9F, 0xFF, 0xFF, 0x01,
    0x00, 0x00, 0x00, 0xF0, 0xFF, 0x3F, 0xFF, 0xFF, 0x03, 0x00, 0x00, 0x00, 0xE0, 0xFF, 0x7F, 0xFE,
    0xFF, 0x07, 0x00, 0x00, 0x00, 0xC0, 0xFF, 0xFF, 0xFC, 0xFF, 0x0F, 0x00, 0x00, 0x00, 0x80, 0xFF,
    0xFF, 0xF1, 0xFF, 0x1F, 0x00, 0x00, 0x00, 0x80, 0xFF, 0xFF, 0xE1, 0xFF, 0x7F, 0x00, 0x00, 0x00,
    0x00, 0xFF, 0xFF, 0xC3, 0xFF, 0xFF, 0x00, 0x00, 0x00, 0x00, 0xFE, 0xFF, 0x87, 0xFF, 0xFF, 0x03,
    0x00, 0x00, 0x00, 0xFE, 0xFF, 0x0F, 0xFE, 0xFF, 0x07, 0x00, 0x00, 0x00, 0xFC, 0xFF, 0x0F, 0xFC,
    0xFF, 0x0F, 0x00, 0x00, 0x00, 0xF8, 0xFF, 0x1F, 0xF8, 0xFF, 0x3F, 0x00, 0x00, 0x00, 0xF8, 0xFF,
    0x3F, 0xE0, 0xFF, 0xFF, 0x00, 0x00, 0x00, 0xF8, 0xFF, 0x3F, 0xC0, 0xFF, 0xFF, 0x01, 0x00, 0x00,
    0xF0, 0xFF, 0x7F, 0x00, 0xFF, 0xFF, 0x07, 0x00, 0x00, 0xF0, 0xFF, 0x7F, 0x00, 0xFE, 0xFF, 0x1F,
    0x00, 0x00, 0xF0, 0xFF, 0xFF, 0x00, 0xF8, 0xFF, 0x7F, 0x00, 0x00, 0xF0, 0xFF, 0xFF, 0x00, 0xF0,
    0xFF, 0xFF, 0x01, 0x00, 0xF0, 0xFF, 0xFF, 0x01, 0xC0, 0xFF, 0xFF, 0x0F, 0x00, 0xF8, 0xFF, 0xFF,
    0x01, 0x00, 0xFF, 0xFF, 0xFF, 0x00, 0xFE, 0xFF, 0xFF, 0x01, 0x00, 0xFE, 0xFF, 0xFF, 0xFF, 0xFF,
    0xFF, 0xFF, 0x03, 0x00, 0xF8, 0xFF, 0xFF, 0xFF, 0xFF, 0xFF, 0xFF, 0x03, 0x00, 0xE0, 0xFF, 0xFF,
    0xFF, 0xFF, 0xFF, 0xFF, 0x03, 0x00, 0x80, 0xFF, 0xFF, 0xFF, 0xFF, 0xFF, 0xFF, 0x03, 0x00, 0x00,
    0xFE, 0xFF, 0xFF, 0xFF, 0xFF, 0xFF, 0x03, 0x00, 0x00, 0xF8, 0xFF, 0xFF, 0xFF, 0xFF, 0xFF, 0x03,
    0x00, 0x00, 0xE0, 0xFF, 0xFF, 0xFF, 0xFF, 0xFF, 0x03, 0x00, 0x00, 0x80, 0xFF, 0xFF, 0xFF, 0xFF,
    0xFF, 0x03, 0x00, 0x00, 0x00, 0xFC, 0xFF, 0xFF, 0xFF, 0xFF, 0x01, 0x00, 0x00, 0x00, 0xE0, 0xFF,
    0xFF, 0xFF, 0xFF, 0x01, 0x00, 0x00, 0x00, 0x80, 0xFF, 0xFF, 0xFF, 0xFF, 0x00, 0x00, 0x00, 0x00,
    0x00, 0xF8, 0xFF, 0xFF, 0x3F, 0x00, 0x00, 0x00, 0x00, 0x00, 0x80, 0xFF, 0xFF, 0x0F, 0x00, 0x00,
    0x00, 0x00, 0x00, 0x00, 0xF0, 0xFF, 0x01, 0x00, 0x00, 0x00,
    // Unicode: [0x0050]
    0xFF, 0xFF, 0xFF, 0xFF, 0xFF, 0x01, 0x00, 0x00, 0xFC, 0xFF, 0xFF, 0xFF, 0xFF, 0x7F, 0x00, 0x00,
    0xF0, 0xFF, 0xFF, 0xFF, 0xFF, 0xFF, 0x0F, 0x00, 0xC0, 0xFF, 0xFF, 0xFF, 0xFF, 0xFF, 0xFF, 0x01,
    0x00, 0xFF, 0xFF, 0xFF, 0xFF, 0xFF, 0xFF, 0x0F, 0x00, 0xFC, 0xFF, 0xFF, 0xFF, 0xFF, 0xFF, 0xFF,
    0x00, 0xF0, 0xFF, 0xFF, 0xFF, 0xFF, 0xFF, 0xFF, 0x0F, 0xC0, 0xFF, 0xFF, 0xFF, 0xFF, 0xFF, 0xFF,
    0x7F, 0x00, 0xFF, 0xFF, 0xFF, 0xFF, 0xFF, 0xFF, 0xFF, 0x03, 0xFC, 0xFF, 0xFF, 0xFF, 0xFF, 0xFF,
    0xFF, 0x1F, 0xF0, 0xFF, 0xFF, 0xFF, 0xFF, 0xFF, 0xFF, 0xFF, 0xC0, 0xFF, 0xFF, 0xFF, 0xFF, 0xFF,
    0xFF, 0xFF, 0x03, 0xFF, 0xFF, 0xFF, 0xFF, 0xFF, 0xFF, 0xFF, 0x1F, 0xFC, 0xFF, 0xFF, 0xFF, 0xFF,
    0xFF, 0xFF, 0xFF, 0xF0, 0xFF, 0x3F, 0x00, 0x00, 0xFC, 0xFF, 0xFF, 0xC3, 0xFF, 0xFF, 0x00, 0x00,
    0x80, 0xFF, 0xFF, 0x1F, 0xFF, 0xFF, 0x03, 0x00, 0x00, 0xFC, 0xFF, 0x7F, 0xFC, 0xFF, 0x0F, 0x00,
    0x00, 0xC0, 0xFF, 0xFF, 0xF3, 0xFF, 0x3F, 0x00, 0x00, 0x00, 0xFE, 0xFF, 0xCF, 0xFF, 0xFF, 0x00,
    0x00, 0x00, 0xF8, 0xFF, 0x7F, 0xFF, 0xFF, 0x03, 0x00, 0x00, 0xC0, 0xFF, 0xFF, 0xFD, 0xFF, 0x0F,
    0x00, 0x00, 0x00, 0xFE, 0xFF, 0xF7, 0xFF, 0x3F, 0x00, 0x00, 0x00, 0xF8, 0xFF, 0xDF, 0xFF, 0xFF,
    0x00, 0x00, 0x00, 0xE0, 0xFF, 0x7F, 0xFF, 0xFF, 0x03, 0x00, 0x00, 0x00, 0xFF, 0xFF, 0xFF, 0xFF,
    0x0F, 0x00, 0x00, 0x00, 0xFC, 0xFF, 0xFF, 0xFF, 0x3F, 0x00, 0x00, 0x00, 0xF0, 0xFF, 0xFF, 0xFF,
    0xFF, 0x00, 0x00, 0x00, 0xC0, 0xFF, 0xFF, 0xFF, 0xFF, 0x03, 0x00, 0x00, 0x00, 0xFF, 0xFF, 0xFF,
    0xFF, 0x0F, 0x00, 0x00, 0x00, 0xFC, 0xFF, 0xFF, 0xFF, 0x3F, 0x00, 0x00, 0x00, 0xF0, 0xFF, 0xFF,
    0xFF, 0xFF, 0x00, 0x00, 0x00, 0xC0, 0xFF, 0xFF, 0xFF, 0xFF, 0x03, 0x00, 0x00, 0x80, 0xFF, 0xFF,
    0xFD, 0xFF, 0x0F, 0x00, 0x00, 0x00, 0xFE, 0xFF, 0xF7, 0xFF, 0x3F, 0x00, 0x00, 0x00, 0xF8, 0xFF,
    0xDF, 0xFF, 0xFF, 0x00, 0x00, 0x00, 0xF0, 0xFF, 0x7F, 0xFF, 0xFF, 0x03, 0x00, 0x00, 0xE0, 0xFF,
    0xFF, 0xFD, 0xFF, 0x0F, 0x00, 0x00, 0x80, 0xFF, 0xFF, 0xF3, 0xFF, 0x3F, 0x00, 0x00, 0x80, 0xFF,
    0xFF, 0xCF, 0xFF, 0xFF, 0x00, 0x00, 0x00, 0xFF, 0xFF, 0x3F, 0xFF, 0xFF, 0x03, 0x00, 0x80, 0xFF,
    0xFF, 0x7F, 0xFC, 0xFF, 0xFF, 0xFF, 0xFF, 0xFF, 0xFF, 0xFF, 0xF0, 0xFF, 0xFF, 0xFF, 0xFF, 0xFF,
    0xFF, 0xFF, 0xC3, 0xFF, 0xFF, 0xFF, 0xFF, 0xFF, 0xFF, 0xFF, 0x07, 0xFF, 0xFF, 0xFF, 0xFF, 0xFF,
    0xFF, 0xFF, 0x0F, 0xFC, 0xFF, 0xFF, 0xFF, 0xFF, 0xFF, 0xFF, 0x3F, 0xF0, 0xFF, 0xFF, 0xFF, 0xFF,
    0xFF, 0xFF, 0x7F, 0xC0, 0xFF, 0xFF, 0xFF, 0xFF, 0xFF, 0xFF, 0xFF, 0x00, 0xFF, 0xFF, 0xFF, 0xFF,
    0xFF, 0xFF, 0xFF, 0x00, 0xFC, 0xFF, 0xFF, 0xFF, 0xFF, 0xFF, 0xFF, 0x01, 0xF0, 0xFF, 0xFF, 0xFF,
    0xFF, 0xFF, 0xFF, 0x01, 0xC0, 0xFF, 0xFF, 0xFF, 0xFF, 0xFF, 0xFF, 0x01, 0x00, 0xFF, 0xFF, 0xFF,
    0xFF, 0xFF, 0xFF, 0x01, 0x00, 0xFC, 0xFF, 0xFF, 0xFF, 0xFF, 0xFF, 0x00, 0x00, 0xF0, 0xFF, 0xFF,
    0xFF, 0xFF, 0x1F, 0x00, 0x00, 0xC0, 0xFF, 0xFF, 0x00, 0x00, 0x00, 0x00, 0x00, 0x00, 0xFF, 0xFF,
    0x03, 0x00, 0x00, 0x00, 0x00, 0x00, 0xFC, 0xFF, 0x0F, 0x00, 0x00, 0x00, 0x00, 0x00, 0xF0, 0xFF,
    0x3F, 0x00, 0x00, 0x00, 0x00, 0x00, 0xC0, 0xFF, 0xFF, 0x00, 0x00, 0x00, 0x00, 0x00, 0x00, 0xFF,
    0xFF, 0x03, 0x00, 0x00, 0x00, 0x00, 0x00, 0xFC, 0xFF, 0x0F, 0x00, 0x00, 0x00, 0x00, 0x00, 0xF0,
    0xFF, 0x3F, 0x00, 0x00, 0x00, 0x00, 0x00, 0xC0, 0xFF, 0xFF, 0x00, 0x00, 0x00, 0x00, 0x00, 0x00,
    0xFF, 0xFF, 0x03, 0x00, 0x00, 0x00, 0x00, 0x00, 0xFC, 0xFF, 0x0F, 0x00, 0x00, 0x00, 0x00, 0x00,
    0xF0, 0xFF, 0x3F, 0x00, 0x00, 0x00, 0x00, 0x00, 0xC0, 0xFF, 0xFF, 0x00, 0x00, 0x00, 0x00, 0x00,
    0x00, 0xFF, 0xFF, 0x03, 0x00, 0x00, 0x00, 0x00, 0x00, 0xFC, 0xFF, 0x0F, 0x00, 0x00, 0x00, 0x00,
    0x00, 0xF0, 0xFF, 0x3F, 0x00, 0x00, 0x00, 0x00, 0x00, 0xC0, 0xFF, 0xFF, 0x00, 0x00, 0x00, 0x00,
    0x00, 0x00, 0xFF, 0xFF, 0x03, 0x00, 0x00, 0x00, 0x00, 0x00, 0xFC, 0xFF, 0x0F, 0x00, 0x00, 0x00,
    0x00, 0x00, 0xF0, 0xFF, 0x3F, 0x00, 0x00, 0x00, 0x00, 0x00, 0xC0, 0xFF, 0xFF, 0x00, 0x00, 0x00,
    0x00, 0x00, 0x00, 0xFF, 0xFF, 0x03, 0x00, 0x00, 0x00, 0x00, 0x00, 0xFC, 0xFF, 0x0F, 0x00, 0x00,
    0x00, 0x00, 0x00, 0xF0, 0xFF, 0x3F, 0x00, 0x00, 0x00, 0x00, 0x00, 0xC0, 0xFF, 0xFF, 0x00, 0x00,
    0x00, 0x00, 0x00, 0x00, 0xFF, 0xFF, 0x03, 0x00, 0x00, 0x00, 0x00, 0x00, 0xFC, 0xFF, 0x0F, 0x00,
    0x00, 0x00, 0x00, 0x00, 0xF0, 0xFF, 0x3F, 0x00, 0x00, 0x00, 0x00, 0x00, 0xC0, 0xFF, 0xFF, 0x00,
    0x00, 0x00, 0x00, 0x00, 0x00, 0xFF, 0xFF, 0x03, 0x00, 0x00, 0x00, 0x00, 0x00, 0x00,
    // Unicode: [0x0051]
    0x00, 0x00, 0x00, 0xC0, 0xFF, 0x07, 0x00, 0x00, 0x00, 0x00, 0x00, 0x00, 0xFC, 0xFF, 0xFF, 0x00,
    0x00, 0x00, 0x00, 0x00, 0x00, 0xFE, 0xFF, 0xFF, 0x0F, 0x00, 0x00, 0x00, 0x00, 0x80, 0xFF, 0xFF,
    0xFF, 0x7F, 0x00, 0x00, 0x00, 0x00, 0xC0, 0xFF, 0xFF, 0xFF, 0xFF, 0x03, 0x00, 0x00, 0x00, 0xC0,
    0xFF, 0xFF, 0xFF, 0xFF, 0x1F, 0x00, 0x00, 0x00, 0xE0, 0xFF, 0xFF, 0xFF, 0xFF, 0x7F, 0x00, 0x00,
    0x00, 0xE0, 0xFF, 0xFF, 0xFF, 0xFF, 0xFF, 0x03, 0x00, 0x00, 0xE0, 0xFF, 0xFF, 0xFF, 0xFF, 0xFF,
    0x0F, 0x00, 0x00, 0xE0, 0xFF, 0xFF, 0xFF, 0xFF, 0xFF, 0x3F, 0x00, 0x00, 0xE0, 0xFF, 0xFF, 0xFF,
    0xFF, 0xFF, 0xFF, 0x00, 0x00, 0xE0, 0xFF, 0xFF, 0xFF, 0xFF, 0xFF, 0xFF, 0x03, 0x00, 0xE0, 0xFF,
    0xFF, 0xFF, 0xFF, 0xFF, 0xFF, 0x0F, 0x00, 0xE0, 0xFF, 0xFF, 0xFF, 0xFF, 0xFF, 0xFF, 0x1F, 0x00,
    0xE0, 0xFF, 0xFF, 0x3F, 0x80, 0xFF, 0xFF, 0x7F, 0x00, 0xC0, 0xFF, 0xFF, 0x0F, 0x00, 0xF8, 0xFF,
    0xFF, 0x01, 0xC0, 0xFF, 0xFF, 0x07, 0x00, 0xE0, 0xFF, 0xFF, 0x03, 0x80, 0xFF, 0xFF, 0x07, 0x00,
    0x00, 0xFF, 0xFF, 0x0F, 0x80, 0xFF, 0xFF, 0x07, 0x00, 0x00, 0xFC, 0xFF, 0x3F, 0x00, 0xFF, 0xFF,
    0x07, 0x00, 0x00, 0xF0, 0xFF, 0x7F, 0x00, 0xFF, 0xFF, 0x07, 0x00, 0x00, 0xC0, 0xFF, 0xFF, 0x00,
    0xFE, 0xFF, 0x07, 0x00, 0x00, 0x80, 0xFF, 0xFF, 0x03, 0xFE, 0xFF, 0x0F, 0x00, 0x00, 0x00, 0xFE,
    0xFF, 0x07, 0xFC, 0xFF, 0x0F, 0x00, 0x00, 0x00, 0xFC, 0xFF, 0x1F, 0xF8, 0xFF, 0x1F, 0x00, 0x00,
    0x00, 0xF0, 0xFF, 0x3F, 0xF8, 0xFF, 0x1F, 0x00, 0x00, 0x00, 0xE0, 0xFF, 0x7F, 0xF0, 0xFF, 0x3F,
    0x00, 0x00, 0x00, 0x80, 0xFF, 0xFF, 0xE1, 0xFF, 0x7F, 0x00, 0x00, 0x00, 0x00, 0xFF, 0xFF, 0xE3,
    0xFF, 0x7F, 0x00, 0x00, 0x00, 0x00, 0xFE, 0xFF, 0xC7, 0xFF, 0xFF, 0x00, 0x00, 0x00, 0x00, 0xF8,
    0xFF, 0x8F, 0xFF, 0xFF, 0x01, 0x00, 0x00, 0x00, 0xF0, 0xFF, 0x3F, 0xFF, 0xFF, 0x03, 0x00, 0x00,
    0x00, 0xE0, 0xFF, 0x7F, 0xFE, 0xFF, 0x03, 0x00, 0x00, 0x00, 0xC0, 0xFF, 0xFF, 0xFE, 0xFF, 0x07,
    0x00, 0x00, 0x00, 0x80, 0xFF, 0xFF, 0xFD, 0xFF, 0x0F, 0x00, 0x00, 0x00, 0x00, 0xFF, 0xFF, 0xFB,
    0xFF, 0x1F, 0x00, 0x00, 0x00, 0x00, 0xFC, 0xFF, 0xF7, 0xFF, 0x3F, 0x00, 0x00, 0x00, 0x00, 0xF8,
    0xFF, 0xEF, 0xFF, 0x7F, 0x00, 0x00, 0x00, 0x00, 0xF0, 0xFF, 0xDF, 0xFF, 0xFF, 0x00, 0x00, 0x00,
    0x00, 0xE0, 0xFF, 0xFF, 0xFF, 0xFF, 0x01, 0x00, 0x00, 0x00, 0xC0, 0xFF, 0xFF, 0xFF, 0xFF, 0x03,
    0x00, 0x00, 0x00, 0x80, 0xFF, 0xFF, 0xFF, 0xFF, 0x07, 0x00, 0x00, 0x00, 0x00, 0xFF, 0xFF, 0xFF,
    0xFF, 0x0F, 0x00, 0x00, 0x00, 0x00, 0xFE, 0xFF, 0xFF, 0xFF, 0x1F, 0x00, 0x00, 0x00, 0x00, 0xFC,
    0xFF, 0xFF, 0xFF, 0x3F, 0x00, 0x00, 0x00, 0x00, 0xF8, 0xFF, 0xFF, 0xFF, 0x7F, 0x00, 0x00, 0x00,
    0x00, 0xF0, 0xFF, 0xFF, 0xFF, 0xFF, 0x00, 0x00, 0x00, 0x00, 0xE0, 0xFF, 0xFF, 0xFF, 0xFF, 0x01,
    0x00, 0x00, 0x00, 0xC0, 0xFF, 0xFF, 0xFF, 0xFF, 0x03, 0x00, 0x00, 0x00, 0x80, 0xFF, 0xFF, 0xFF,
    0xFF, 0x07, 0x00, 0x00, 0x00, 0x00, 0xFF, 0xFF, 0xFF, 0xFF, 0x0F, 0x00, 0x00, 0x00, 0x00, 0xFE,
    0xFF, 0xFB, 0xFF, 0x1F, 0x00, 0x00, 0x00, 0x00, 0xFC, 0xFF, 0xF7, 0xFF, 0x3F, 0x00, 0x00, 0x00,
    0x00, 0xFC, 0xFF, 0xEF, 0xFF, 0x7F, 0x00, 0x00, 0x00, 0x00, 0xF8, 0xFF, 0x9F, 0xFF, 0xFF, 0x00,
    0x00, 0x00, 0x00, 0xF0, 0xFF, 0x3F, 0xFF, 0xFF, 0x03, 0x00, 0x00, 0x00, 0xE0, 0xFF, 0x7F, 0xFE,
    0xFF, 0x07, 0x00, 0x00, 0x00, 0xC0, 0xFF, 0xFF, 0xFC, 0xFF, 0x0F, 0x00, 0x00, 0x00, 0x80, 0xFF,
    0xFF, 0xF8, 0xFF, 0x1F, 0x00, 0x00, 0x00, 0x80, 0xFF, 0xFF, 0xE1, 0xFF, 0x7F, 0x00, 0x00, 0x00,
    0x00, 0xFF, 0xFF, 0xC3, 0xFF, 0xFF, 0x00, 0x00, 0x00, 0x00, 0xFE, 0xFF, 0x87, 0xFF, 0xFF, 0x01,
    0x00, 0x00, 0x00, 0xFE, 0xFF, 0x07, 0xFE, 0xFF, 0x07, 0x00, 0x00, 0x00, 0xFC, 0xFF, 0x0F, 0xFC,
    0xFF, 0x0F, 0x00, 0x00, 0x00, 0xFC, 0xFF, 0x1F, 0xF8, 0xFF, 0x3F, 0x00, 0x00, 0x00, 0xF8, 0xFF,
    0x1F, 0xE0, 0xFF, 0x7F, 0x00, 0x00, 0x00, 0xF8, 0xFF, 0x3F, 0xC0, 0xFF, 0xFF, 0x01, 0x00, 0x00,
    0xF0, 0xFF, 0x7F, 0x00, 0xFF, 0xFF, 0x07, 0x00, 0x00, 0xF0, 0xFF, 0x7F, 0x00, 0xFE, 0xFF, 0x1F,
    0x00, 0x00, 0xF0, 0xFF, 0xFF, 0x00, 0xF8, 0xFF, 0x7F, 0x00, 0x00, 0xF0, 0xFF, 0xFF, 0x00, 0xF0,
    0xFF, 0xFF, 0x01, 0x00, 0xF0, 0xFF, 0xFF, 0x00, 0xC0, 0xFF, 0xFF, 0x0F, 0x00, 0xF8, 0xFF, 0xFF,
    0x01, 0x00, 0xFF, 0xFF, 0xFF, 0x00, 0xFE, 0xFF, 0xFF, 0x01, 0x00, 0xFE, 0xFF, 0xFF, 0xFF, 0xFF,
    0xFF, 0xFF, 0x01, 0x00, 0xF8, 0xFF, 0xFF, 0xFF, 0xFF, 0xFF, 0xFF, 0x03, 0x00, 0xE0, 0xFF, 0xFF,
    0xFF, 0xFF, 0xFF, 0xFF, 0x03, 0x00, 0x80, 0xFF, 0xFF, 0xFF, 0xFF, 0xFF, 0xFF, 0x03, 0x00, 0x00,
    0xFE, 0xFF, 0xFF, 0xFF, 0xFF, 0xFF, 0x03, 0x00, 0x00, 0xF8, 0xFF, 0xFF, 0xFF, 0xFF, 0xFF, 0x03,
    0x00, 0x00, 0xE0, 0xFF, 0xFF, 0xFF, 0xFF, 0xFF, 0x03, 0x00, 0x00, 0x80, 0xFF, 0xFF, 0xFF, 0xFF,
    0xFF, 0x07, 0x00, 0x00, 0x00, 0xFC, 0xFF, 0xFF, 0xFF, 0xFF, 0x1F, 0x00, 0x00, 0x00, 0xF0, 0xFF,
    0xFF, 0xFF, 0xFF, 0x7F, 0x00, 0x00, 0x00, 0x80, 0xFF, 0xFF, 0xFF, 0xFF, 0xFF, 0x01, 0x00, 0x00,
    0x00, 0xF8, 0xFF, 0xFF, 0xFF, 0xFF, 0x0F, 0x00, 0x00, 0x00, 0xC0, 0xFF, 0xFF, 0xFF, 0xFF, 0x3F,
    0x00, 0x00, 0x00, 0x00, 0xF0, 0xFF, 0xFF, 0xFF, 0xFF, 0x00, 0x00, 0x00, 0x00, 0x00, 0x00, 0xF8,
    0xFF, 0xFF, 0x07, 0x00, 0x00, 0x00, 0x00, 0x00, 0xE0, 0xFF, 0xFF, 0x1F, 0x00, 0x00, 0x00, 0x00,
    0x00, 0x00, 0xFF, 0xFF, 0x7F, 0x00, 0x00, 0x00, 0x00, 0x00, 0x00, 0xFC, 0xFF, 0xFF, 0x01, 0x00,
    0x00, 0x00, 0x00, 0x00, 0xF0, 0xFF, 0xFF, 0x07, 0x00, 0x00, 0x00, 0x00, 0x00, 0xC0, 0xFF, 0xFF,
    0x07, 0x00, 0x00, 0x00, 0x00, 0x00, 0x00, 0xFE, 0xFF, 0x07, 0x00, 0x00, 0x00, 0x00, 0x00, 0x00,
    0xF8, 0xFF, 0x03, 0x00, 0x00, 0x00, 0x00, 0x00, 0x00, 0xE0, 0xFF, 0x03, 0x00, 0x00, 0x00, 0x00,
    0x00, 0x00, 0x80, 0xFF, 0x03, 0x00, 0x00, 0x00, 0x00, 0x00, 0x00, 0x00, 0xFC, 0x03, 0x00, 0x00,
    0x00, 0x00, 0x00, 0x00, 0x00, 0xF0, 0x03, 0x00, 0x00, 0x00, 0x00, 0x00, 0x00, 0x00, 0xC0, 0x03,
    0x00, 0x00, 0x00, 0x00, 0x00, 0x00, 0x00, 0x00, 0x03, 0x00,
    // Unicode: [0x0052]
    0xFF, 0xFF, 0xFF, 0xFF, 0x7F, 0x00, 0x00, 0x00, 0xFC, 0xFF, 0xFF, 0xFF, 0xFF, 0x3F, 0x00, 0x00,
    0xF0, 0xFF, 0xFF, 0xFF, 0xFF, 0xFF, 0x07, 0x00, 0xC0, 0xFF, 0xFF, 0xFF, 0xFF, 0xFF, 0xFF, 0x00,
    0x00, 0xFF, 0xFF, 0xFF, 0xFF, 0xFF, 0xFF, 0x0F, 0x00, 0xFC, 0xFF, 0xFF, 0xFF, 0xFF, 0xFF, 0x7F,
    0x00, 0xF0, 0xFF, 0xFF, 0xFF, 0xFF, 0xFF, 0xFF, 0x07, 0xC0, 0xFF, 0xFF, 0xFF, 0xFF, 0xFF, 0xFF,
    0x3F, 0x00, 0xFF, 0xFF, 0xFF, 0xFF, 0xFF, 0xFF, 0xFF, 0x01, 0xFC, 0xFF, 0xFF, 0xFF, 0xFF, 0xFF,
    0xFF, 0x0F, 0xF0, 0xFF, 0xFF, 0xFF, 0xFF, 0xFF, 0xFF, 0x3F, 0xC0, 0xFF, 0xFF, 0xFF, 0xFF, 0xFF,
    0xFF, 0xFF, 0x01, 0xFF, 0xFF, 0xFF, 0xFF, 0xFF, 0xFF, 0xFF, 0x0F, 0xFC, 0xFF, 0xFF, 0xFF, 0xFF,
    0xFF, 0xFF, 0x3F, 0xF0, 0xFF, 0x1F, 0x00, 0x00, 0xFF, 0xFF, 0xFF, 0xC1, 0xFF, 0x7F, 0x00, 0x00,
    0xE0, 0xFF, 0xFF, 0x07, 0xFF, 0xFF, 0x01, 0x00, 0x00, 0xFE, 0xFF, 0x3F, 0xFC, 0xFF, 0x07, 0x00,
    0x00, 0xF0, 0xFF, 0xFF, 0xF0, 0xFF, 0x1F, 0x00, 0x00, 0x80, 0xFF, 0xFF, 0xC3, 0xFF, 0x7F, 0x00,
    0x00, 0x00, 0xFC, 0xFF, 0x0F, 0xFF, 0xFF, 0x01, 0x00, 0x00, 0xF0, 0xFF, 0x7F, 0xFC, 0xFF, 0x07,
    0x00, 0x00, 0x80, 0xFF, 0xFF, 0xF1, 0xFF, 0x1F, 0x00, 0x00, 0x00, 0xFE, 0xFF, 0xC7, 0xFF, 0x7F,
    0x00, 0x00, 0x00, 0xF8, 0xFF, 0x1F, 0xFF, 0xFF, 0x01, 0x00, 0x00, 0xE0, 0xFF, 0x7F, 0xFC, 0xFF,
    0x07, 0x00, 0x00, 0x80, 0xFF, 0xFF, 0xF1, 0xFF, 0x1F, 0x00, 0x00, 0x00, 0xFE, 0xFF, 0xC7, 0xFF,
    0x7F, 0x00, 0x00, 0x00, 0xF8, 0xFF, 0x1F, 0xFF, 0xFF, 0x01, 0x00, 0x00, 0xE0, 0xFF, 0x7F, 0xFC,
    0xFF, 0x07, 0x00, 0x00, 0x80, 0xFF, 0xFF, 0xF1, 0xFF, 0x1F, 0x00, 0x00, 0x00, 0xFE, 0xFF, 0xC7,
    0xFF, 0x7F, 0x00, 0x00, 0x00, 0xF8, 0xFF, 0x1F, 0xFF, 0xFF, 0x01, 0x00, 0x00, 0xE0, 0xFF, 0x3F,
    0xFC, 0xFF, 0x07, 0x00, 0x00, 0xC0, 0xFF, 0xFF, 0xF0, 0xFF, 0x1F, 0x00, 0x00, 0x00, 0xFF, 0xFF,
    0xC3, 0xFF, 0x7F, 0x00, 0x00, 0x00, 0xFE, 0xFF, 0x0F, 0xFF, 0xFF, 0x01, 0x00, 0x00, 0xFC, 0xFF,
    0x1F, 0xFC, 0xFF, 0x07, 0x00, 0x00, 0xF8, 0xFF, 0x7F, 0xF0, 0xFF, 0x1F, 0x00, 0x00, 0xF8, 0xFF,
    0xFF, 0xC0, 0xFF, 0x7F, 0x00, 0x00, 0xFC, 0xFF, 0xFF, 0x03, 0xFF, 0xFF, 0xFF, 0xFF, 0xFF, 0xFF,
    0xFF, 0x07, 0xFC, 0xFF, 0xFF, 0xFF, 0xFF, 0xFF, 0xFF, 0x0F, 0xF0, 0xFF, 0xFF, 0xFF, 0xFF, 0xFF,
    0xFF, 0x3F, 0xC0, 0xFF, 0xFF, 0xFF, 0xFF, 0xFF, 0xFF, 0x7F, 0x00, 0xFF, 0xFF, 0xFF, 0xFF, 0xFF,
    0xFF, 0xFF, 0x00, 0xFC, 0xFF, 0xFF, 0xFF, 0xFF, 0xFF, 0xFF, 0x01, 0xF0, 0xFF, 0xFF, 0xFF, 0xFF,
    0xFF, 0xFF, 0x01, 0xC0, 0xFF, 0xFF, 0xFF, 0xFF, 0xFF, 0xFF, 0x03, 0x00, 0xFF, 0xFF, 0xFF, 0xFF,
    0xFF, 0xFF, 0x03, 0x00, 0xFC, 0xFF, 0xFF, 0xFF, 0xFF, 0xFF, 0x03, 0x00, 0xF0, 0xFF, 0xFF, 0xFF,
    0xFF, 0xFF, 0x0F, 0x00, 0xC0, 0xFF, 0xFF, 0xFF, 0xFF, 0xFF, 0x7F, 0x00, 0x00, 0xFF, 0xFF, 0xFF,
    0xFF, 0xFF, 0xFF, 0x01, 0x00, 0xFC, 0xFF, 0xFF, 0xFF, 0xFF, 0xFF, 0x0F, 0x00, 0xF0, 0xFF, 0x1F,
    0x00, 0xF0, 0xFF, 0x3F, 0x00, 0xC0, 0xFF, 0x7F, 0x00, 0xC0, 0xFF, 0xFF, 0x01, 0x00, 0xFF, 0xFF,
    0x01, 0x00, 0xFE, 0xFF, 0x0F, 0x00, 0xFC, 0xFF, 0x07, 0x00, 0xF8, 0xFF, 0x3F, 0x00, 0xF0, 0xFF,
    0x1F, 0x00, 0xC0, 0xFF, 0xFF, 0x01, 0xC0, 0xFF, 0x7F, 0x00, 0x00, 0xFF, 0xFF, 0x07, 0x00, 0xFF,
    0xFF, 0x01, 0x00, 0xF8, 0xFF, 0x3F, 0x00, 0xFC, 0xFF, 0x07, 0x00, 0xE0, 0xFF, 0xFF, 0x00, 0xF0,
    0xFF, 0x1F, 0x00, 0x00, 0xFF, 0xFF, 0x07, 0xC0, 0xFF, 0x7F, 0x00, 0x00, 0xFC, 0xFF, 0x1F, 0x00,
    0xFF, 0xFF, 0x01, 0x00, 0xE0, 0xFF, 0xFF, 0x00, 0xFC, 0xFF, 0x07, 0x00, 0x80, 0xFF, 0xFF, 0x03,
    0xF0, 0xFF, 0x1F, 0x00, 0x00, 0xFC, 0xFF, 0x1F, 0xC0, 0xFF, 0x7F, 0x00, 0x00, 0xF0, 0xFF, 0x7F,
    0x00, 0xFF, 0xFF, 0x01, 0x00, 0x80, 0xFF, 0xFF, 0x03, 0xFC, 0xFF, 0x07, 0x00, 0x00, 0xFE, 0xFF,
    0x0F, 0xF0, 0xFF, 0x1F, 0x00, 0x00, 0xF0, 0xFF, 0x7F, 0xC0, 0xFF, 0x7F, 0x00, 0x00, 0xC0, 0xFF,
    0xFF, 0x03, 0xFF, 0xFF, 0x01, 0x00, 0x00, 0xFE, 0xFF, 0x0F, 0xFC, 0xFF, 0x07, 0x00, 0x00, 0xF8,
    0xFF, 0x7F, 0xF0, 0xFF, 0x1F, 0x00, 0x00, 0xC0, 0xFF, 0xFF, 0xC1, 0xFF, 0x7F, 0x00, 0x00, 0x00,
    0xFE, 0xFF, 0x0F, 0xFF, 0xFF, 0x01, 0x00, 0x00, 0xF8, 0xFF, 0x3F, 0xFC, 0xFF, 0x07, 0x00, 0x00,
    0xC0, 0xFF, 0xFF, 0xF1, 0xFF, 0x1F, 0x00, 0x00, 0x00, 0xFF, 0xFF, 0xC7, 0xFF, 0x7F, 0x00, 0x00,
    0x00, 0xF8, 0xFF, 0x3F, 0xFF, 0xFF, 0x01, 0x00, 0x00, 0xE0, 0xFF, 0xFF, 0xFC, 0xFF, 0x07, 0x00,
    0x00, 0x00, 0xFF, 0xFF, 0xF7, 0xFF, 0x1F, 0x00, 0x00, 0x00, 0xFC, 0xFF, 0xDF, 0xFF, 0x7F, 0x00,
    0x00, 0x00, 0xE0, 0xFF, 0xFF, 0xFF, 0xFF, 0x01, 0x00, 0x00, 0x80, 0xFF, 0xFF, 0x03,
    // Unicode: [0x0053]
    0x00, 0x00, 0x00, 0xF8, 0xFF, 0x01, 0x00, 0x00, 0x00, 0x00, 0x00, 0xFF, 0xFF, 0xFF, 0x00, 0x00,
    0x00, 0x00, 0x80, 0xFF, 0xFF, 0xFF, 0x1F, 0x00, 0x00, 0x00, 0x80, 0xFF, 0xFF, 0xFF, 0xFF, 0x01,
    0x00, 0x00, 0x80, 0xFF, 0xFF, 0xFF, 0xFF, 0x1F, 0x00, 0x00, 0x80, 0xFF, 0xFF, 0xFF, 0xFF, 0xFF,
    0x01, 0x00, 0x00, 0xFF, 0xFF, 0xFF, 0xFF, 0xFF, 0x0F, 0x00, 0x00, 0xFF, 0xFF, 0xFF, 0xFF, 0xFF,
    0x7F, 0x00, 0x00, 0xFE, 0xFF, 0xFF, 0xFF, 0xFF, 0xFF, 0x03, 0x00, 0xFC, 0xFF, 0xFF, 0xFF, 0xFF,
    0xFF, 0x1F, 0x00, 0xF8, 0xFF, 0xFF, 0xFF, 0xFF, 0xFF, 0xFF, 0x00, 0xE0, 0xFF, 0xFF, 0xFF, 0xFF,
    0xFF, 0xFF, 0x07, 0xC0, 0xFF, 0xFF, 0xFF, 0xFF, 0xFF, 0xFF, 0x3F, 0x80, 0xFF, 0xFF, 0xFF, 0xFF,
    0xFF, 0xFF, 0xFF, 0x00, 0xFE, 0xFF, 0xFF, 0x01, 0xF8, 0xFF, 0xFF, 0x07, 0xFC, 0xFF, 0xFF, 0x00,
    0x00, 0xFF, 0xFF, 0x1F, 0xF0, 0xFF, 0xFF, 0x00, 0x00, 0xF8, 0xFF, 0xFF, 0xC0, 0xFF, 0xFF, 0x01,
    0x00, 0x80, 0xFF, 0xFF, 0x83, 0xFF, 0xFF, 0x03, 0x00, 0x00, 0xFC, 0xFF, 0x0F, 0xFE, 0xFF, 0x07,
    0x00, 0x00, 0xF0, 0xFF, 0x7F, 0xF8, 0xFF, 0x1F, 0x00, 0x00, 0x80, 0xFF, 0xFF, 0xE1, 0xFF, 0x7F,
    0x00, 0x00, 0x00, 0xFE, 0xFF, 0x87, 0xFF, 0xFF, 0x00, 0x00, 0x00, 0xF0, 0xFF, 0x1F, 0xFE, 0xFF,
    0x03, 0x00, 0x00, 0xC0, 0xFF, 0x7F, 0xF8, 0xFF, 0x0F, 0x00, 0x00, 0x00, 0xFF, 0xFF, 0xE3, 0xFF,
    0x7F, 0x00, 0x00, 0x00, 0xFC, 0xFF, 0x8F, 0xFF, 0xFF, 0x01, 0x00, 0x00, 0x00, 0x00, 0x00, 0xFE,
    0xFF, 0x07, 0x00, 0x00, 0x00, 0x00, 0x00, 0xF8, 0xFF, 0x3F, 0x00, 0x00, 0x00, 0x00, 0x00, 0xC0,
    0xFF, 0xFF, 0x01, 0x00, 0x00, 0x00, 0x00, 0x00, 0xFF, 0xFF, 0x0F, 0x00, 0x00, 0x00, 0x00, 0x00,
    0xFC, 0xFF, 0xFF, 0x00, 0x00, 0x00, 0x00, 0x00, 0xE0, 0xFF, 0xFF, 0x0F, 0x00, 0x00, 0x00, 0x00,
    0x80, 0xFF, 0xFF, 0xFF, 0x00, 0x00, 0x00, 0x00, 0x00, 0xFC, 0xFF, 0xFF, 0x1F, 0x00, 0x00, 0x00,
    0x00, 0xF0, 0xFF, 0xFF, 0xFF, 0x01, 0x00, 0x00, 0x00, 0x80, 0xFF, 0xFF, 0xFF, 0x7F, 0x00, 0x00,
    0x00, 0x00, 0xFC, 0xFF, 0xFF, 0xFF, 0x0F, 0x00, 0x00, 0x00, 0xE0, 0xFF, 0xFF, 0xFF, 0xFF, 0x00,
    0x00, 0x00, 0x00, 0xFF, 0xFF, 0xFF, 0xFF, 0x1F, 0x00, 0x00, 0x00, 0xF8, 0xFF, 0xFF, 0xFF, 0xFF,
    0x01, 0x00, 0x00, 0xC0, 0xFF, 0xFF, 0xFF, 0xFF, 0x1F, 0x00, 0x00, 0x00, 0xFC, 0xFF, 0xFF, 0xFF,
    0xFF, 0x01, 0x00, 0x00, 0xE0, 0xFF, 0xFF, 0xFF, 0xFF, 0x0F, 0x00, 0x00, 0x00, 0xFE, 0xFF, 0xFF,
    0xFF, 0xFF, 0x00, 0x00, 0x00, 0xE0, 0xFF, 0xFF, 0xFF, 0xFF, 0x07, 0x00, 0x00, 0x00, 0xFE, 0xFF,
    0xFF, 0xFF, 0x3F, 0x00, 0x00, 0x00, 0xE0, 0xFF, 0xFF, 0xFF, 0xFF, 0x01, 0x00, 0x00, 0x00, 0xFC,
    0xFF, 0xFF, 0xFF, 0x0F, 0x00, 0x00, 0x00, 0x80, 0xFF, 0xFF, 0xFF, 0x7F, 0x00, 0x00, 0x00, 0x00,
    0xF0, 0xFF, 0xFF, 0xFF, 0x03, 0x00, 0x00, 0x00, 0x00, 0xFE, 0xFF, 0xFF, 0x0F, 0x00, 0x00, 0x00,
    0x00, 0xC0, 0xFF, 0xFF, 0x7F, 0x00, 0x00, 0x00, 0x00, 0x00, 0xFC, 0xFF, 0xFF, 0x01, 0x00, 0x00,
    0x00, 0x00, 0xC0, 0xFF, 0xFF, 0x0F, 0x00, 0x00, 0x00, 0x00, 0x00, 0xFC, 0xFF, 0x3F, 0x00, 0x00,
    0x00, 0x00, 0x00, 0xE0, 0xFF, 0xFF, 0x01, 0x00, 0x00, 0x00, 0x00, 0x00, 0xFF, 0xFF, 0x07, 0x00,
    0x00, 0x00, 0x00, 0x00, 0xF8, 0xFF, 0xDF, 0xFF, 0xFF, 0x00, 0x00, 0x00, 0xE0, 0xFF, 0x7F, 0xFF,
    0xFF, 0x03, 0x00, 0x00, 0x00, 0xFF, 0xFF, 0xFD, 0xFF, 0x0F, 0x00, 0x00, 0x00, 0xFC, 0xFF, 0xFF,
    0xFF, 0x3F, 0x00, 0x00, 0x00, 0xF0, 0xFF, 0xFF, 0xFF, 0xFF, 0x00, 0x00, 0x00, 0xC0, 0xFF, 0xFF,
    0xFE, 0xFF, 0x07, 0x00, 0x00, 0x00, 0xFF, 0xFF, 0xFB, 0xFF, 0x1F, 0x00, 0x00, 0x00, 0xFC, 0xFF,
    0xEF, 0xFF, 0x7F, 0x00, 0x00, 0x00, 0xF8, 0xFF, 0x9F, 0xFF, 0xFF, 0x03, 0x00, 0x00, 0xE0, 0xFF,
    0x7F, 0xFC, 0xFF, 0x1F, 0x00, 0x00, 0xC0, 0xFF, 0xFF, 0xF1, 0xFF, 0xFF, 0x00, 0x00, 0x00, 0xFF,
    0xFF, 0x87, 0xFF, 0xFF, 0x07, 0x00, 0x00, 0xFF, 0xFF, 0x1F, 0xFE, 0xFF, 0x7F, 0x00, 0x00, 0xFE,
    0xFF, 0x3F, 0xF0, 0xFF, 0xFF, 0x1F, 0x00, 0xFF, 0xFF, 0xFF, 0xC0, 0xFF, 0xFF, 0xFF, 0xFF, 0xFF,
    0xFF, 0xFF, 0x01, 0xFE, 0xFF, 0xFF, 0xFF, 0xFF, 0xFF, 0xFF, 0x07, 0xF0, 0xFF, 0xFF, 0xFF, 0xFF,
    0xFF, 0xFF, 0x0F, 0x80, 0xFF, 0xFF, 0xFF, 0xFF, 0xFF, 0xFF, 0x3F, 0x00, 0xFC, 0xFF, 0xFF, 0xFF,
    0xFF, 0xFF, 0x7F, 0x00, 0xE0, 0xFF, 0xFF, 0xFF, 0xFF, 0xFF, 0xFF, 0x00, 0x00, 0xFF, 0xFF, 0xFF,
    0xFF, 0xFF, 0xFF, 0x01, 0x00, 0xF8, 0xFF, 0xFF, 0xFF, 0xFF, 0xFF, 0x03, 0x00, 0x80, 0xFF, 0xFF,
    0xFF, 0xFF, 0xFF, 0x03, 0x00, 0x00, 0xF8, 0xFF, 0xFF, 0xFF, 0xFF, 0x07, 0x00, 0x00, 0x80, 0xFF,
    0xFF, 0xFF, 0xFF, 0x07, 0x00, 0x00, 0x00, 0xF8, 0xFF, 0xFF, 0xFF, 0x03, 0x00, 0x00, 0x00, 0x00,
    0xFE, 0xFF, 0xFF, 0x01, 0x00, 0x00, 0x00, 0x00, 0x80, 0xFF, 0x3F, 0x00, 0x00, 0x00,
    // Unicode: [0x0054]
    0xFF, 0xFF, 0xFF, 0xFF, 0xFF, 0xFF, 0xFF, 0xFF, 0xFF, 0xFF, 0xFF, 0xFF, 0xFF, 0xFF, 0xFF, 0xFF,
    0xFF, 0xFF, 0xFF, 0xFF, 0xFF, 0xFF, 0xFF, 0xFF, 0xFF, 0xFF, 0xFF, 0xFF, 0xFF, 0xFF, 0xFF, 0xFF,
    0xFF, 0xFF, 0xFF, 0xFF, 0xFF, 0xFF, 0xFF, 0xFF, 0xFF, 0xFF, 0xFF, 0xFF, 0xFF, 0xFF, 0xFF, 0xFF,
    0xFF, 0xFF, 0xFF, 0xFF, 0xFF, 0xFF, 0xFF, 0xFF, 0xFF, 0xFF, 0xFF, 0xFF, 0xFF, 0xFF, 0xFF, 0xFF,
    0xFF, 0xFF, 0xFF, 0xFF, 0xFF, 0xFF, 0xFF, 0xFF, 0xFF, 0xFF, 0xFF, 0xFF, 0xFF, 0xFF, 0xFF, 0xFF,
    0xFF, 0xFF, 0xFF, 0xFF, 0xFF, 0xFF, 0xFF, 0xFF, 0xFF, 0xFF, 0xFF, 0xFF, 0xFF, 0xFF, 0xFF, 0xFF,
    0xFF, 0xFF, 0xFF, 0xFF, 0xFF, 0xFF, 0xFF, 0xFF, 0xFF, 0xFF, 0xFF, 0xFF, 0xFF, 0xFF, 0xFF, 0xFF,
    0xFF, 0xFF, 0xFF, 0xFF, 0xFF, 0xFF, 0xFF, 0xFF, 0xFF, 0xFF, 0x0F, 0x00, 0x00, 0xC0, 0xFF, 0xFF,
    0x00, 0x00, 0x00, 0x00, 0x00, 0x00, 0xF0, 0xFF, 0x3F, 0x00, 0x00, 0x00, 0x00, 0x00, 0x00, 0xFC,
    0xFF, 0x0F, 0x00, 0x00, 0x00, 0x00, 0x00, 0x00, 0xFF, 0xFF, 0x03, 0x00, 0x00, 0x00, 0x00, 0x00,
    0xC0, 0xFF, 0xFF, 0x00, 0x00, 0x00, 0x00, 0x00, 0x00, 0xF0, 0xFF, 0x3F, 0x00, 0x00, 0x00, 0x00,
    0x00, 0x00, 0xFC, 0xFF, 0x0F, 0x00, 0x00, 0x00, 0x00, 0x00, 0x00, 0xFF, 0xFF, 0x03, 0x00, 0x00,
    0x00, 0x00, 0x00, 0xC0, 0xFF, 0xFF, 0x00, 0x00, 0x00, 0x00, 0x00, 0x00, 0xF0, 0xFF, 0x3F, 0x00,
    0x00, 0x00, 0x00, 0x00, 0x00, 0xFC, 0xFF, 0x0F, 0x00, 0x00, 0x00, 0x00, 0x00, 0x00, 0xFF, 0xFF,
    0x03, 0x00, 0x00, 0x00, 0x00, 0x00, 0xC0, 0xFF, 0xFF, 0x00, 0x00, 0x00, 0x00, 0x00, 0x00, 0xF0,
    0xFF, 0x3F, 0x00, 0x00, 0x00, 0x00, 0x00, 0x00, 0xFC, 0xFF, 0x0F, 0x00, 0x00, 0x00, 0x00, 0x00,
    0x00, 0xFF, 0xFF, 0x03, 0x00, 0x00, 0x00, 0x00, 0x00, 0xC0, 0xFF, 0xFF, 0x00, 0x00, 0x00, 0x00,
    0x00, 0x00, 0xF0, 0xFF, 0x3F, 0x00, 0x00, 0x00, 0x00, 0x00, 0x00, 0xFC, 0xFF, 0x0F, 0x00, 0x00,
    0x00, 0x00, 0x00, 0x00, 0xFF, 0xFF, 0x03, 0x00, 0x00, 0x00, 0x00, 0x00, 0xC0, 0xFF, 0xFF, 0x00,
    0x00, 0x00, 0x00, 0x00, 0x00, 0xF0, 0xFF, 0x3F, 0x00, 0x00, 0x00, 0x00, 0x00, 0x00, 0xFC, 0xFF,
    0x0F, 0x00, 0x00, 0x00, 0x00, 0x00, 0x00, 0xFF, 0xFF, 0x03, 0x00, 0x00, 0x00, 0x00, 0x00, 0xC0,
    0xFF, 0xFF, 0x00, 0x00, 0x00, 0x00, 0x00, 0x00, 0xF0, 0xFF, 0x3F, 0x00, 0x00, 0x00, 0x00, 0x00,
    0x00, 0xFC, 0xFF, 0x0F, 0x00, 0x00, 0x00, 0x00, 0x00, 0x00, 0xFF, 0xFF, 0x03, 0x00, 0x00, 0x00,
    0x00, 0x00, 0xC0, 0xFF, 0xFF, 0x00, 0x00, 0x00, 0x00, 0x00, 0x00, 0xF0, 0xFF, 0x3F, 0x00, 0x00,
    0x00, 0x00, 0x00, 0x00, 0xFC, 0xFF, 0x0F, 0x00, 0x00, 0x00, 0x00, 0x00, 0x00, 0xFF, 0xFF, 0x03,
    0x00, 0x00, 0x00, 0x00, 0x00, 0xC0, 0xFF, 0xFF, 0x00, 0x00, 0x00, 0x00, 0x00, 0x00, 0xF0, 0xFF,
    0x3F, 0x00, 0x00, 0x00, 0x00, 0x00, 0x00, 0xFC, 0xFF, 0x0F, 0x00, 0x00, 0x00, 0x00, 0x00, 0x00,
    0xFF, 0xFF, 0x03, 0x00, 0x00, 0x00, 0x00, 0x00, 0xC0, 0xFF, 0xFF, 0x00, 0x00, 0x00, 0x00, 0x00,
    0x00, 0xF0, 0xFF, 0x3F, 0x00, 0x00, 0x00, 0x00, 0x00, 0x00, 0xFC, 0xFF, 0x0F, 0x00, 0x00, 0x00,
    0x00, 0x00, 0x00, 0xFF, 0xFF, 0x03, 0x00, 0x00, 0x00, 0x00, 0x00, 0xC0, 0xFF, 0xFF, 0x00, 0x00,
    0x00, 0x00, 0x00, 0x00, 0xF0, 0xFF, 0x3F, 0x00, 0x00, 0x00, 0x00, 0x00, 0x00, 0xFC, 0xFF, 0x0F,
    0x00, 0x00, 0x00, 0x00, 0x00, 0x00, 0xFF, 0xFF, 0x03, 0x00, 0x00, 0x00, 0x00, 0x00, 0xC0, 0xFF,
    0xFF, 0x00, 0x00, 0x00, 0x00, 0x00, 0x00, 0xF0, 0xFF, 0x3F, 0x00, 0x00, 0x00, 0x00, 0x00, 0x00,
    0xFC, 0xFF, 0x0F, 0x00, 0x00, 0x00, 0x00, 0x00, 0x00, 0xFF, 0xFF, 0x03, 0x00, 0x00, 0x00, 0x00,
    0x00, 0xC0, 0xFF, 0xFF, 0x00, 0x00, 0x00, 0x00, 0x00, 0x00, 0xF0, 0xFF, 0x3F, 0x00, 0x00, 0x00,
    0x00, 0x00, 0x00, 0xFC, 0xFF, 0x0F, 0x00, 0x00, 0x00, 0x00, 0x00, 0x00, 0xFF, 0xFF, 0x03, 0x00,
    0x00, 0x00, 0x00, 0x00, 0xC0, 0xFF, 0xFF, 0x00, 0x00, 0x00, 0x00, 0x00, 0x00, 0xF0, 0xFF, 0x3F,
    0x00, 0x00, 0x00, 0x00, 0x00, 0x00, 0xFC, 0xFF, 0x0F, 0x00, 0x00, 0x00, 0x00, 0x00, 0x00, 0xFF,
    0xFF, 0x03, 0x00, 0x00, 0x00, 0x00, 0x00, 0xC0, 0xFF, 0xFF, 0x00, 0x00, 0x00, 0x00, 0x00, 0x00,
    0xF0, 0xFF, 0x3F, 0x00, 0x00, 0x00, 0x00, 0x00, 0x00, 0xFC, 0xFF, 0x0F, 0x00, 0x00, 0x00, 0x00,
    0x00, 0x00, 0xFF, 0xFF, 0x03, 0x00, 0x00, 0x00, 0x00, 0x00, 0xC0, 0xFF, 0xFF, 0x00, 0x00, 0x00,
    0x00, 0x00, 0x00, 0xF0, 0xFF, 0x3F, 0x00, 0x00, 0x00, 0x00, 0x00, 0x00, 0xFC, 0xFF, 0x0F, 0x00,
    0x00, 0x00, 0x00, 0x00, 0x00, 0xFF, 0xFF, 0x03, 0x00, 0x00, 0x00, 0x00, 0x00, 0xC0, 0xFF, 0xFF,
    0x00, 0x00, 0x00, 0x00, 0x00, 0x00, 0xF0, 0xFF, 0x3F, 0x00, 0x00, 0x00, 0x00, 0x00, 0x00, 0xFC,
    0xFF, 0x0F, 0x00, 0x00, 0x00, 0x00, 0x00, 0x00, 0xFF, 0xFF, 0x03, 0x00, 0x00, 0x00, 0x00, 0x00,
    0xC0, 0xFF, 0xFF, 0x00, 0x00, 0x00, 0x00, 0x00, 0x00, 0xF0, 0xFF, 0x3F, 0x00, 0x00, 0x00, 0x00,
    0x00, 0x00, 0xFC, 0xFF, 0x0F, 0x00, 0x00, 0x00,
    // Unicode: [0x0055]
    0xFF, 0xFF, 0x01, 0x00, 0x00, 0x00, 0xFF, 0xFF, 0xFF, 0xFF, 0x03, 0x00, 0x00, 0x00, 0xFE, 0xFF,
    0xFF, 0xFF, 0x07, 0x00, 0x00, 0x00, 0xFC, 0xFF, 0xFF, 0xFF, 0x0F, 0x00, 0x00, 0x00, 0xF8, 0xFF,
    0xFF, 0xFF, 0x1F, 0x00, 0x00, 0x00, 0xF0, 0xFF, 0xFF, 0xFF, 0x3F, 0x00, 0x00, 0x00, 0xE0, 0xFF,
    0xFF, 0xFF, 0x7F, 0x00, 0x00, 0x00, 0xC0, 0xFF, 0xFF, 0xFF, 0xFF, 0x00, 0x00, 0x00, 0x80, 0xFF,
    0xFF, 0xFF, 0xFF, 0x01, 0x00, 0x00, 0x00, 0xFF, 0xFF, 0xFF, 0xFF, 0x03, 0x00, 0x00, 0x00, 0xFE,
    0xFF, 0xFF, 0xFF, 0x07, 0x00, 0x00, 0x00, 0xFC, 0xFF, 0xFF, 0xFF, 0x0F, 0x00, 0x00, 0x00, 0xF8,
    0xFF, 0xFF, 0xFF, 0x1F, 0x00, 0x00, 0x00, 0xF0, 0xFF, 0xFF, 0xFF, 0x3F, 0x00, 0x00, 0x00, 0xE0,
    0xFF, 0xFF, 0xFF, 0x7F, 0x00, 0x00, 0x00, 0xC0, 0xFF, 0xFF, 0xFF, 0xFF, 0x00, 0x00, 0x00, 0x80,
    0xFF, 0xFF, 0xFF, 0xFF, 0x01, 0x00, 0x00, 0x00, 0xFF, 0xFF, 0xFF, 0xFF, 0x03, 0x00, 0x00, 0x00,
    0xFE, 0xFF, 0xFF, 0xFF, 0x07, 0x00, 0x00, 0x00, 0xFC, 0xFF, 0xFF, 0xFF, 0x0F, 0x00, 0x00, 0x00,
    0xF8, 0xFF, 0xFF, 0xFF, 0x1F, 0x00, 0x00, 0x00, 0xF0, 0xFF, 0xFF, 0xFF, 0x3F, 0x00, 0x00, 0x00,
    0xE0, 0xFF, 0xFF, 0xFF, 0x7F, 0x00, 0x00, 0x00, 0xC0, 0xFF, 0xFF, 0xFF, 0xFF, 0x00, 0x00, 0x00,
    0x80, 0xFF, 0xFF, 0xFF, 0xFF, 0x01, 0x00, 0x00, 0x00, 0xFF, 0xFF, 0xFF, 0xFF, 0x03, 0x00, 0x00,
    0x00, 0xFE, 0xFF, 0xFF, 0xFF, 0x07, 0x00, 0x00, 0x00, 0xFC, 0xFF, 0xFF, 0xFF, 0x0F, 0x00, 0x00,
    0x00, 0xF8, 0xFF, 0xFF, 0xFF, 0x1F, 0x00, 0x00, 0x00, 0xF0, 0xFF, 0xFF, 0xFF, 0x3F, 0x00, 0x00,
    0x00, 0xE0, 0xFF, 0xFF, 0xFF, 0x7F, 0x00, 0x00, 0x00, 0xC0, 0xFF, 0xFF, 0xFF, 0xFF, 0x00, 0x00,
    0x00, 0x80, 0xFF, 0xFF, 0xFF, 0xFF, 0x01, 0x00, 0x00, 0x00, 0xFF, 0xFF, 0xFF, 0xFF, 0x03, 0x00,
    0x00, 0x00, 0xFE, 0xFF, 0xFF, 0xFF, 0x07, 0x00, 0x00, 0x00, 0xFC, 0xFF, 0xFF, 0xFF, 0x0F, 0x00,
    0x00, 0x00, 0xF8, 0xFF, 0xFF, 0xFF, 0x1F, 0x00, 0x00, 0x00, 0xF0, 0xFF, 0xFF, 0xFF, 0x3F, 0x00,
    0x00, 0x00, 0xE0, 0xFF, 0xFF, 0xFF, 0x7F, 0x00, 0x00, 0x00, 0xC0, 0xFF, 0xFF, 0xFF, 0xFF, 0x00,
    0x00, 0x00, 0x80, 0xFF, 0xFF, 0xFF, 0xFF, 0x01, 0x00, 0x00, 0x00, 0xFF, 0xFF, 0xFF, 0xFF, 0x03,
    0x00, 0x00, 0x00, 0xFE, 0xFF, 0xFF, 0xFF, 0x07, 0x00, 0x00, 0x00, 0xFC, 0xFF, 0xFF, 0xFF, 0x0F,
    0x00, 0x00, 0x00, 0xF8, 0xFF, 0xFF, 0xFF, 0x1F, 0x00, 0x00, 0x00, 0xF0, 0xFF, 0xFF, 0xFF, 0x3F,
    0x00, 0x00, 0x00, 0xE0, 0xFF, 0xFF, 0xFF, 0x7F, 0x00, 0x00, 0x00, 0xC0, 0xFF, 0xFF, 0xFF, 0xFF,
    0x00, 0x00, 0x00, 0x80, 0xFF, 0xFF, 0xFF, 0xFF, 0x01, 0x00, 0x00, 0x00, 0xFF, 0xFF, 0xFF, 0xFF,
    0x03, 0x00, 0x00, 0x00, 0xFE, 0xFF, 0xFF, 0xFF, 0x07, 0x00, 0x00, 0x00, 0xFC, 0xFF, 0xFF, 0xFF,
    0x0F, 0x00, 0x00, 0x00, 0xF8, 0xFF, 0xFF, 0xFF, 0x1F, 0x00, 0x00, 0x00, 0xF0, 0xFF, 0xFF, 0xFF,
    0x3F, 0x00, 0x00, 0x00, 0xE0, 0xFF, 0xFF, 0xFF, 0x7F, 0x00, 0x00, 0x00, 0xC0, 0xFF, 0xFF, 0xFF,
    0xFF, 0x00, 0x00, 0x00, 0x80, 0xFF, 0xFF, 0xFF, 0xFF, 0x01, 0x00, 0x00, 0x00, 0xFF, 0xFF, 0xFF,
    0xFF, 0x03, 0x00, 0x00, 0x00, 0xFF, 0xFF, 0xFF, 0xFF, 0x07, 0x00, 0x00, 0x00, 0xFE, 0xFF, 0xFF,
    0xFF, 0x1F, 0x00, 0x00, 0x00, 0xFC, 0xFF, 0xFF, 0xFF, 0x3F, 0x00, 0x00, 0x00, 0xF8, 0xFF, 0xFF,
    0xFF, 0x7F, 0x00, 0x00, 0x00, 0xF0, 0xFF, 0xFF, 0xFF, 0xFF, 0x00, 0x00, 0x00, 0xE0, 0xFF, 0xFF,
    0xFF, 0xFF, 0x01, 0x00, 0x00, 0xE0, 0xFF, 0x7F, 0xFE, 0xFF, 0x07, 0x00, 0x00, 0xC0, 0xFF, 0xFF,
    0xFC, 0xFF, 0x0F, 0x00, 0x00, 0x80, 0xFF, 0xFF, 0xF9, 0xFF, 0x3F, 0x00, 0x00, 0x80, 0xFF, 0xFF,
    0xE3, 0xFF, 0xFF, 0x00, 0x00, 0x80, 0xFF, 0xFF, 0xC3, 0xFF, 0xFF, 0x03, 0x00, 0x80, 0xFF, 0xFF,
    0x87, 0xFF, 0xFF, 0x0F, 0x00, 0x80, 0xFF, 0xFF, 0x07, 0xFE, 0xFF, 0x7F, 0x00, 0xC0, 0xFF, 0xFF,
    0x0F, 0xFC, 0xFF, 0xFF, 0x07, 0xF0, 0xFF, 0xFF, 0x0F, 0xF0, 0xFF, 0xFF, 0xFF, 0xFF, 0xFF, 0xFF,
    0x1F, 0xC0, 0xFF, 0xFF, 0xFF, 0xFF, 0xFF, 0xFF, 0x1F, 0x80, 0xFF, 0xFF, 0xFF, 0xFF, 0xFF, 0xFF,
    0x3F, 0x00, 0xFE, 0xFF, 0xFF, 0xFF, 0xFF, 0xFF, 0x3F, 0x00, 0xF8, 0xFF, 0xFF, 0xFF, 0xFF, 0xFF,
    0x3F, 0x00, 0xE0, 0xFF, 0xFF, 0xFF, 0xFF, 0xFF, 0x3F, 0x00, 0x80, 0xFF, 0xFF, 0xFF, 0xFF, 0xFF,
    0x3F, 0x00, 0x00, 0xFE, 0xFF, 0xFF, 0xFF, 0xFF, 0x3F, 0x00, 0x00, 0xF0, 0xFF, 0xFF, 0xFF, 0xFF,
    0x1F, 0x00, 0x00, 0xC0, 0xFF, 0xFF, 0xFF, 0xFF, 0x1F, 0x00, 0x00, 0x00, 0xFE, 0xFF, 0xFF, 0xFF,
    0x0F, 0x00, 0x00, 0x00, 0xE0, 0xFF, 0xFF, 0xFF, 0x03, 0x00, 0x00, 0x00, 0x00, 0xFE, 0xFF, 0xFF,
    0x00, 0x00, 0x00, 0x00, 0x00, 0xC0, 0xFF, 0x1F, 0x00, 0x00, 0x00,
    // Unicode: [0x0056]
    0xFF, 0xFF, 0x0F, 0x00, 0x00, 0x00, 0x00, 0xFC, 0xFF, 0xBF, 0xFF, 0xFF, 0x03, 0x00, 0x00, 0x00,
    0x00, 0xFF, 0xFF, 0xE7, 0xFF, 0xFF, 0x00, 0x00, 0x00, 0x00, 0xE0, 0xFF, 0xFF, 0xF9, 0xFF, 0x7F,
    0x00, 0x00, 0x00, 0x00, 0xF8, 0xFF, 0x7F, 0xFC, 0xFF, 0x1F, 0x00, 0x00, 0x00, 0x00, 0xFE, 0xFF,
    0x0F, 0xFF, 0xFF, 0x07, 0x00, 0x00, 0x00, 0x80, 0xFF, 0xFF, 0xC3, 0xFF, 0xFF, 0x03, 0x00, 0x00,
    0x00, 0xF0, 0xFF, 0xFF, 0xE0, 0xFF, 0xFF, 0x00, 0x00, 0x00, 0x00, 0xFC, 0xFF, 0x1F, 0xF8, 0xFF,
    0x3F, 0x00, 0x00, 0x00, 0x00, 0xFF, 0xFF, 0x07, 0xFE, 0xFF, 0x1F, 0x00, 0x00, 0x00, 0xE0, 0xFF,
    0xFF, 0x01, 0xFF, 0xFF, 0x07, 0x00, 0x00, 0x00, 0xF8, 0xFF, 0x3F, 0xC0, 0xFF, 0xFF, 0x01, 0x00,
    0x00, 0x00, 0xFE, 0xFF, 0x0F, 0xE0, 0xFF, 0x7F, 0x00, 0x00, 0x00, 0xC0, 0xFF, 0xFF, 0x01, 0xF8,
    0xFF, 0x3F, 0x00, 0x00, 0x00, 0xF0, 0xFF, 0x7F, 0x00, 0xFE, 0xFF, 0x0F, 0x00, 0x00, 0x00, 0xFC,
    0xFF, 0x1F, 0x00, 0xFF, 0xFF, 0x03, 0x00, 0x00, 0x00, 0xFF, 0xFF, 0x03, 0xC0, 0xFF, 0xFF, 0x01,
    0x00, 0x00, 0xE0, 0xFF, 0xFF, 0x00, 0xF0, 0xFF, 0x7F, 0x00, 0x00, 0x00, 0xF8, 0xFF, 0x3F, 0x00,
    0xF8, 0xFF, 0x1F, 0x00, 0x00, 0x00, 0xFE, 0xFF, 0x07, 0x00, 0xFE, 0xFF, 0x0F, 0x00, 0x00, 0xC0,
    0xFF, 0xFF, 0x01, 0x80, 0xFF, 0xFF, 0x03, 0x00, 0x00, 0xF0, 0xFF, 0x7F, 0x00, 0xC0, 0xFF, 0xFF,
    0x00, 0x00, 0x00, 0xFC, 0xFF, 0x0F, 0x00, 0xF0, 0xFF, 0x3F, 0x00, 0x00, 0x80, 0xFF, 0xFF, 0x03,
    0x00, 0xFC, 0xFF, 0x1F, 0x00, 0x00, 0xE0, 0xFF, 0xFF, 0x00, 0x00, 0xFE, 0xFF, 0x07, 0x00, 0x00,
    0xF8, 0xFF, 0x1F, 0x00, 0x80, 0xFF, 0xFF, 0x01, 0x00, 0x00, 0xFE, 0xFF, 0x07, 0x00, 0xE0, 0xFF,
    0xFF, 0x00, 0x00, 0xC0, 0xFF, 0xFF, 0x01, 0x00, 0xF0, 0xFF, 0x3F, 0x00, 0x00, 0xF0, 0xFF, 0x3F,
    0x00, 0x00, 0xFC, 0xFF, 0x0F, 0x00, 0x00, 0xFC, 0xFF, 0x0F, 0x00, 0x00, 0xFF, 0xFF, 0x07, 0x00,
    0x80, 0xFF, 0xFF, 0x03, 0x00, 0x80, 0xFF, 0xFF, 0x01, 0x00, 0xE0, 0xFF, 0x7F, 0x00, 0x00, 0xE0,
    0xFF, 0x7F, 0x00, 0x00, 0xF8, 0xFF, 0x1F, 0x00, 0x00, 0xF8, 0xFF, 0x1F, 0x00, 0x00, 0xFF, 0xFF,
    0x03, 0x00, 0x00, 0xFC, 0xFF, 0x0F, 0x00, 0xC0, 0xFF, 0xFF, 0x00, 0x00, 0x00, 0xFF, 0xFF, 0x03,
    0x00, 0xF0, 0xFF, 0x3F, 0x00, 0x00, 0x80, 0xFF, 0xFF, 0x00, 0x00, 0xFE, 0xFF, 0x07, 0x00, 0x00,
    0xE0, 0xFF, 0x7F, 0x00, 0x80, 0xFF, 0xFF, 0x01, 0x00, 0x00, 0xF8, 0xFF, 0x1F, 0x00, 0xE0, 0xFF,
    0x7F, 0x00, 0x00, 0x00, 0xFC, 0xFF, 0x07, 0x00, 0xF8, 0xFF, 0x0F, 0x00, 0x00, 0x00, 0xFF, 0xFF,
    0x03, 0x00, 0xFF, 0xFF, 0x03, 0x00, 0x00, 0xC0, 0xFF, 0xFF, 0x00, 0xC0, 0xFF, 0xFF, 0x00, 0x00,
    0x00, 0xE0, 0xFF, 0x3F, 0x00, 0xF0, 0xFF, 0x1F, 0x00, 0x00, 0x00, 0xF8, 0xFF, 0x0F, 0x00, 0xFE,
    0xFF, 0x07, 0x00, 0x00, 0x00, 0xFE, 0xFF, 0x07, 0x80, 0xFF, 0xFF, 0x01, 0x00, 0x00, 0x00, 0xFF,
    0xFF, 0x01, 0xE0, 0xFF, 0x3F, 0x00, 0x00, 0x00, 0xC0, 0xFF, 0x7F, 0x00, 0xFC, 0xFF, 0x0F, 0x00,
    0x00, 0x00, 0xF0, 0xFF, 0x3F, 0x00, 0xFF, 0xFF, 0x03, 0x00, 0x00, 0x00, 0xF8, 0xFF, 0x0F, 0xC0,
    0xFF, 0x7F, 0x00, 0x00, 0x00, 0x00, 0xFE, 0xFF, 0x03, 0xF0, 0xFF, 0x1F, 0x00, 0x00, 0x00, 0x80,
    0xFF, 0xFF, 0x01, 0xFE, 0xFF, 0x07, 0x00, 0x00, 0x00, 0xC0, 0xFF, 0x7F, 0x80, 0xFF, 0xFF, 0x00,
    0x00, 0x00, 0x00, 0xF0, 0xFF, 0x1F, 0xE0, 0xFF, 0x3F, 0x00, 0x00, 0x00, 0x00, 0xFC, 0xFF, 0x07,
    0xFC, 0xFF, 0x07, 0x00, 0x00, 0x00, 0x00, 0xFE, 0xFF, 0x03, 0xFF, 0xFF, 0x01, 0x00, 0x00, 0x00,
    0x80, 0xFF, 0xFF, 0xC0, 0xFF, 0x7F, 0x00, 0x00, 0x00, 0x00, 0xE0, 0xFF, 0x3F, 0xF8, 0xFF, 0x0F,
    0x00, 0x00, 0x00, 0x00, 0xF0, 0xFF, 0x1F, 0xFE, 0xFF, 0x03, 0x00, 0x00, 0x00, 0x00, 0xFC, 0xFF,
    0x87, 0xFF, 0xFF, 0x00, 0x00, 0x00, 0x00, 0x00, 0xFE, 0xFF, 0xE1, 0xFF, 0x1F, 0x00, 0x00, 0x00,
    0x00, 0x80, 0xFF, 0xFF, 0xFC, 0xFF, 0x07, 0x00, 0x00, 0x00, 0x00, 0xE0, 0xFF, 0x3F, 0xFF, 0xFF,
    0x01, 0x00, 0x00, 0x00, 0x00, 0xF0, 0xFF, 0xCF, 0xFF, 0x3F, 0x00, 0x00, 0x00, 0x00, 0x00, 0xFC,
    0xFF, 0xFB, 0xFF, 0x0F, 0x00, 0x00, 0x00, 0x00, 0x00, 0xFF, 0xFF, 0xFF, 0xFF, 0x03, 0x00, 0x00,
    0x00, 0x00, 0x80, 0xFF, 0xFF, 0xFF, 0x7F, 0x00, 0x00, 0x00, 0x00, 0x00, 0xE0, 0xFF, 0xFF, 0xFF,
    0x1F, 0x00, 0x00, 0x00, 0x00, 0x00, 0xF8, 0xFF, 0xFF, 0xFF, 0x07, 0x00, 0x00, 0x00, 0x00, 0x00,
    0xFC, 0xFF, 0xFF, 0xFF, 0x00, 0x00, 0x00, 0x00, 0x00, 0x00, 0xFF, 0xFF, 0xFF, 0x3F, 0x00, 0x00,
    0x00, 0x00, 0x00, 0xC0, 0xFF, 0xFF, 0xFF, 0x0F, 0x00, 0x00, 0x00, 0x00, 0x00, 0xE0, 0xFF, 0xFF,
    0xFF, 0x01, 0x00, 0x00, 0x00, 0x00, 0x00, 0xF8, 0xFF, 0xFF, 0x7F, 0x00, 0x00, 0x00, 0x00, 0x00,
    0x00, 0xFE, 0xFF, 0xFF, 0x0F, 0x00, 0x00, 0x00, 0x00, 0x00, 0x00, 0xFF, 0xFF, 0xFF, 0x03, 0x00,
    0x00, 0x00, 0x00, 0x00, 0xC0, 0xFF, 0xFF, 0xFF, 0x00, 0x00, 0x00, 0x00, 0x00, 0x00, 0xF0, 0xFF,
    0xFF, 0x1F, 0x00, 0x00, 0x00, 0x00, 0x00, 0x00, 0xF8, 0xFF, 0xFF, 0x07, 0x00, 0x00, 0x00, 0x00,
    0x00, 0x00, 0xFE, 0xFF, 0xFF, 0x01, 0x00, 0x00, 0x00, 0x00, 0x00, 0x80, 0xFF, 0xFF, 0x3F, 0x00,
    0x00, 0x00, 0x00, 0x00, 0x00, 0xC0, 0xFF, 0xFF, 0x0F, 0x00, 0x00, 0x00, 0x00, 0x00, 0x00, 0xF0,
    0xFF, 0xFF, 0x03, 0x00, 0x00, 0x00, 0x00, 0x00, 0x00, 0xF8, 0xFF, 0x7F, 0x00, 0x00, 0x00, 0x00,
    0x00, 0x00, 0x00, 0xFE, 0xFF, 0x1F, 0x00, 0x00, 0x00, 0x00, 0x00, 0x00, 0x80, 0xFF, 0xFF, 0x07,
    0x00, 0x00, 0x00, 0x00, 0x00, 0x00, 0xC0, 0xFF, 0xFF, 0x00, 0x00, 0x00, 0x00,
    // Unicode: [0x0057]
    0xFF, 0xFF, 0x03, 0x00, 0x00, 0xF8, 0xFF, 0x03, 0x00, 0x00, 0xF8, 0xFF, 0xFF, 0xFF, 0x7F, 0x00,
    0x00, 0x00, 0xFF, 0x7F, 0x00, 0x00, 0x00, 0xFF, 0xFF, 0xFB, 0xFF, 0x0F, 0x00, 0x00, 0xE0, 0xFF,
    0x1F, 0x00, 0x00, 0xE0, 0xFF, 0x7F, 0xFF, 0xFF, 0x01, 0x00, 0x00, 0xFE, 0xFF, 0x03, 0x00, 0x00,
    0xFC, 0xFF, 0xE7, 0xFF, 0x3F, 0x00, 0x00, 0xC0, 0xFF, 0x7F, 0x00, 0x00, 0x80, 0xFF, 0xFF, 0xFC,
    0xFF, 0x0F, 0x00, 0x00, 0xF8, 0xFF, 0x0F, 0x00, 0x00, 0xF0, 0xFF, 0x1F, 0xFF, 0xFF, 0x01, 0x00,
    0x00, 0xFF, 0xFF, 0x03, 0x00, 0x00, 0xFF, 0xFF, 0xE3, 0xFF, 0x3F, 0x00, 0x00, 0xF0, 0xFF, 0x7F,
    0x00, 0x00, 0xE0, 0xFF, 0x3F, 0xFC, 0xFF, 0x07, 0x00, 0x00, 0xFE, 0xFF, 0x0F, 0x00, 0x00, 0xFC,
    0xFF, 0x87, 0xFF, 0xFF, 0x00, 0x00, 0xC0, 0xFF, 0xFF, 0x01, 0x00, 0x80, 0xFF, 0xFF, 0xF0, 0xFF,
    0x3F, 0x00, 0x00, 0xF8, 0xFF, 0x7F, 0x00, 0x00, 0xF0, 0xFF, 0x1F, 0xFC, 0xFF, 0x07, 0x00, 0x00,
    0xFF, 0xFF, 0x0F, 0x00, 0x00, 0xFF, 0xFF, 0x83, 0xFF, 0xFF, 0x00, 0x00, 0xF0, 0xFF, 0xFF, 0x01,
    0x00, 0xE0, 0xFF, 0x3F, 0xF0, 0xFF, 0x1F, 0x00, 0x00, 0xFE, 0xFF, 0x3F, 0x00, 0x00, 0xFC, 0xFF,
    0x07, 0xFE, 0xFF, 0x03, 0x00, 0xC0, 0xFF, 0xFF, 0x07, 0x00, 0x80, 0xFF, 0xFF, 0x80, 0xFF, 0xFF,
    0x00, 0x00, 0xF8, 0xFF, 0xFF, 0x01, 0x00, 0xF0, 0xFF, 0x1F, 0xF0, 0xFF, 0x1F, 0x00, 0x80, 0xFF,
    0xFF, 0x3F, 0x00, 0x00, 0xFF, 0xFF, 0x01, 0xFE, 0xFF, 0x03, 0x00, 0xF0, 0xFF, 0xFF, 0x07, 0x00,
    0xE0, 0xFF, 0x3F, 0xC0, 0xFF, 0x7F, 0x00, 0x00, 0xFE, 0xFF, 0xFF, 0x00, 0x00, 0xFC, 0xFF, 0x07,
    0xF8, 0xFF, 0x0F, 0x00, 0xC0, 0xFF, 0xFF, 0x3F, 0x00, 0x80, 0xFF, 0xFF, 0x00, 0xFE, 0xFF, 0x03,
    0x00, 0xFC, 0xFF, 0xFF, 0x07, 0x00, 0xF0, 0xFF, 0x1F, 0xC0, 0xFF, 0x7F, 0x00, 0x80, 0xFF, 0xFF,
    0xFF, 0x00, 0x00, 0xFF, 0xFF, 0x01, 0xF8, 0xFF, 0x0F, 0x00, 0xF0, 0xFF, 0xFF, 0x1F, 0x00, 0xE0,
    0xFF, 0x3F, 0x00, 0xFF, 0xFF, 0x01, 0x00, 0xFE, 0xFF, 0xFF, 0x07, 0x00, 0xFC, 0xFF, 0x07, 0xC0,
    0xFF, 0x3F, 0x00, 0xE0, 0xFF, 0xFF, 0xFF, 0x00, 0x80, 0xFF, 0xFF, 0x00, 0xF8, 0xFF, 0x07, 0x00,
    0xFC, 0xFF, 0xFF, 0x1F, 0x00, 0xF0, 0xFF, 0x0F, 0x00, 0xFF, 0xFF, 0x01, 0x80, 0xFF, 0xFF, 0xFF,
    0x03, 0x00, 0xFE, 0xFF, 0x01, 0xE0, 0xFF, 0x3F, 0x00, 0xF0, 0xFF, 0xFF, 0x7F, 0x00, 0xE0, 0xFF,
    0x3F, 0x00, 0xFC, 0xFF, 0x07, 0x00, 0xFE, 0xFF, 0xFF, 0x1F, 0x00, 0xFC, 0xFF, 0x07, 0x00, 0xFF,
    0xFF, 0x00, 0xE0, 0xFF, 0xF7, 0xFF, 0x03, 0x80, 0xFF, 0xFF, 0x00, 0xE0, 0xFF, 0x1F, 0x00, 0xFC,
    0xFF, 0xFE, 0x7F, 0x00, 0xF0, 0xFF, 0x0F, 0x00, 0xFC, 0xFF, 0x07, 0x80, 0xFF, 0xDF, 0xFF, 0x0F,
    0x00, 0xFE, 0xFF, 0x01, 0x80, 0xFF, 0xFF, 0x00, 0xF0, 0xFF, 0xF3, 0xFF, 0x03, 0xE0, 0xFF, 0x3F,
    0x00, 0xE0, 0xFF, 0x1F, 0x00, 0xFF, 0x3F, 0xFE, 0x7F, 0x00, 0xFC, 0xFF, 0x07, 0x00, 0xFC, 0xFF,
    0x03, 0xE0, 0xFF, 0xC7, 0xFF, 0x0F, 0x80, 0xFF, 0x7F, 0x00, 0x80, 0xFF, 0x7F, 0x00, 0xFC, 0xFF,
    0xF8, 0xFF, 0x01, 0xF0, 0xFF, 0x0F, 0x00, 0xF0, 0xFF, 0x1F, 0x80, 0xFF, 0x1F, 0xFE, 0x7F, 0x00,
    0xFE, 0xFF, 0x01, 0x00, 0xFE, 0xFF, 0x03, 0xF8, 0xFF, 0xC1, 0xFF, 0x0F, 0xE0, 0xFF, 0x3F, 0x00,
    0x80, 0xFF, 0x7F, 0x00, 0xFF, 0x3F, 0xF8, 0xFF, 0x01, 0xFC, 0xFF, 0x07, 0x00, 0xF0, 0xFF, 0x0F,
    0xE0, 0xFF, 0x07, 0xFF, 0x3F, 0x80, 0xFF, 0x7F, 0x00, 0x00, 0xFE, 0xFF, 0x01, 0xFC, 0xFF, 0xC0,
    0xFF, 0x07, 0xF0, 0xFF, 0x0F, 0x00, 0xC0, 0xFF, 0x7F, 0x80, 0xFF, 0x0F, 0xF8, 0xFF, 0x01, 0xFE,
    0xFF, 0x01, 0x00, 0xF0, 0xFF, 0x0F, 0xF8, 0xFF, 0x01, 0xFF, 0x3F, 0xE0, 0xFF, 0x3F, 0x00, 0x00,
    0xFE, 0xFF, 0x01, 0xFF, 0x3F, 0xE0, 0xFF, 0x07, 0xFC, 0xFF, 0x03, 0x00, 0xC0, 0xFF, 0x3F, 0xE0,
    0xFF, 0x07, 0xF8, 0xFF, 0x80, 0xFF, 0x7F, 0x00, 0x00, 0xF8, 0xFF, 0x07, 0xFC, 0x7F, 0x00, 0xFF,
    0x3F, 0xF0, 0xFF, 0x0F, 0x00, 0x00, 0xFF, 0xFF, 0xC0, 0xFF, 0x0F, 0xE0, 0xFF, 0x07, 0xFE, 0xFF,
    0x01, 0x00, 0xC0, 0xFF, 0x3F, 0xF8, 0xFF, 0x01, 0xFC, 0xFF, 0xC0, 0xFF, 0x3F, 0x00, 0x00, 0xF8,
    0xFF, 0x07, 0xFF, 0x3F, 0x00, 0xFF, 0x1F, 0xFC, 0xFF, 0x03, 0x00, 0x00, 0xFF, 0xFF, 0xE0, 0xFF,
    0x03, 0xE0, 0xFF, 0x87, 0xFF, 0x7F, 0x00, 0x00, 0xE0, 0xFF, 0x1F, 0xFE, 0x7F, 0x00, 0xFC, 0xFF,
    0xF0, 0xFF, 0x0F, 0x00, 0x00, 0xF8, 0xFF, 0xC3, 0xFF, 0x0F, 0x80, 0xFF, 0x1F, 0xFE, 0xFF, 0x01,
    0x00, 0x00, 0xFF, 0xFF, 0xF8, 0xFF, 0x01, 0xE0, 0xFF, 0xC3, 0xFF, 0x1F, 0x00, 0x00, 0xE0, 0xFF,
    0x1F, 0xFF, 0x1F, 0x00, 0xFC, 0x7F, 0xFC, 0xFF, 0x03, 0x00, 0x00, 0xFC, 0xFF, 0xF3, 0xFF, 0x03,
    0x80, 0xFF, 0x9F, 0xFF, 0x7F, 0x00, 0x00, 0x80, 0xFF, 0x7F, 0xFE, 0x7F, 0x00, 0xF0, 0xFF, 0xF3,
    0xFF, 0x0F, 0x00, 0x00, 0xE0, 0xFF, 0xCF, 0xFF, 0x0F, 0x00, 0xFC, 0x7F, 0xFE, 0xFF, 0x01, 0x00,
    0x00, 0xFC, 0xFF, 0xFB, 0xFF, 0x00, 0x80, 0xFF, 0xCF, 0xFF, 0x1F, 0x00, 0x00, 0x80, 0xFF, 0x7F,
    0xFF, 0x1F, 0x00, 0xF0, 0xFF, 0xFF, 0xFF, 0x03, 0x00, 0x00, 0xF0, 0xFF, 0xFF, 0xFF, 0x03, 0x00,
    0xFE, 0xFF, 0xFF, 0x7F, 0x00, 0x00, 0x00, 0xFC, 0xFF, 0xFF, 0x7F, 0x00, 0xC0, 0xFF, 0xFF, 0xFF,
    0x0F, 0x00, 0x00, 0x80, 0xFF, 0xFF, 0xFF, 0x07, 0x00, 0xF0, 0xFF, 0xFF, 0xFF, 0x00, 0x00, 0x00,
    0xF0, 0xFF, 0xFF, 0xFF, 0x00, 0x00, 0xFE, 0xFF, 0xFF, 0x1F, 0x00, 0x00, 0x00, 0xFE, 0xFF, 0xFF,
    0x1F, 0x00, 0xC0, 0xFF, 0xFF, 0xFF, 0x03, 0x00, 0x00, 0xC0, 0xFF, 0xFF, 0xFF, 0x03, 0x00, 0xF8,
    0xFF, 0xFF, 0x7F, 0x00, 0x00, 0x00, 0xF0, 0xFF, 0xFF, 0x3F, 0x00, 0x00, 0xFE, 0xFF, 0xFF, 0x0F,
    0x00, 0x00, 0x00, 0xFE, 0xFF, 0xFF, 0x07, 0x00, 0xC0, 0xFF, 0xFF, 0xFF, 0x00, 0x00, 0x00, 0xC0,
    0xFF, 0xFF, 0xFF, 0x00, 0x00, 0xF8, 0xFF, 0xFF, 0x1F, 0x00, 0x00, 0x00, 0xF8, 0xFF, 0xFF, 0x1F,
    0x00, 0x00, 0xFF, 0xFF, 0xFF, 0x03, 0x00, 0x00, 0x00, 0xFE, 0xFF, 0xFF, 0x01, 0x00, 0xC0, 0xFF,
    0xFF, 0x7F, 0x00, 0x00, 0x00, 0xC0, 0xFF, 0xFF, 0x3F, 0x00, 0x00, 0xF8, 0xFF, 0xFF, 0x07, 0x00,
    0x00, 0x00, 0xF8, 0xFF, 0xFF, 0x07, 0x00, 0x00, 0xFF, 0xFF, 0xFF, 0x00, 0x00, 0x00, 0x00, 0xFF,
    0xFF, 0xFF, 0x00, 0x00, 0xE0, 0xFF, 0xFF, 0x1F, 0x00, 0x00, 0x00, 0xE0, 0xFF, 0xFF, 0x1F, 0x00,
    0x00, 0xF8, 0xFF, 0xFF, 0x03, 0x00, 0x00, 0x00, 0xF8, 0xFF, 0xFF, 0x01, 0x00, 0x00, 0xFF, 0xFF,
    0x7F, 0x00, 0x00, 0x00, 0x00, 0xFF, 0xFF, 0x3F, 0x00, 0x00, 0xE0, 0xFF, 0xFF, 0x07, 0x00, 0x00,
    0x00, 0xE0, 0xFF, 0xFF, 0x07, 0x00, 0x00, 0xFC, 0xFF, 0xFF, 0x00, 0x00, 0x00, 0x00, 0xFC, 0xFF,
    0xFF, 0x00, 0x00, 0x00, 0xFF, 0xFF, 0x1F, 0x00, 0x00, 0x00, 0x00, 0xFF, 0xFF, 0x0F, 0x00, 0x00,
    0xE0, 0xFF, 0xFF, 0x03, 0x00, 0x00, 0x00, 0xE0, 0xFF, 0xFF, 0x01, 0x00, 0x00, 0xFC, 0xFF, 0x3F,
    0x00, 0x00, 0x00, 0x00, 0xFC, 0xFF, 0x3F, 0x00, 0x00, 0x80, 0xFF, 0xFF, 0x07, 0x00, 0x00, 0x00,
    0x80, 0xFF, 0xFF, 0x07, 0x00, 0x00, 0xE0, 0xFF, 0xFF, 0x00, 0x00, 0x00, 0x00, 0xF0, 0xFF, 0x7F,
    0x00, 0x00, 0x00, 0xFC, 0xFF, 0x1F, 0x00, 0x00, 0x00, 0x00, 0xFC, 0xFF, 0x0F, 0x00, 0x00, 0x80,
    0xFF, 0xFF, 0x03, 0x00, 0x00, 0x00, 0x80, 0xFF, 0xFF, 0x01, 0x00, 0x00, 0xF0, 0xFF, 0x3F, 0x00,
    0x00, 0x00,
    // Unicode: [0x0058]
    0xFE, 0xFF, 0x1F, 0x00, 0x00, 0x00, 0xE0, 0xFF, 0xFF, 0xF1, 0xFF, 0xFF, 0x00, 0x00, 0x00, 0xC0,
    0xFF, 0xFF, 0xC3, 0xFF, 0xFF, 0x07, 0x00, 0x00, 0x00, 0xFF, 0xFF, 0x0F, 0xFE, 0xFF, 0x1F, 0x00,
    0x00, 0x00, 0xFE, 0xFF, 0x1F, 0xF0, 0xFF, 0xFF, 0x00, 0x00, 0x00, 0xF8, 0xFF, 0x7F, 0xC0, 0xFF,
    0xFF, 0x03, 0x00, 0x00, 0xF0, 0xFF, 0xFF, 0x00, 0xFE, 0xFF, 0x1F, 0x00, 0x00, 0xC0, 0xFF, 0xFF,
    0x03, 0xF8, 0xFF, 0x7F, 0x00, 0x00, 0x80, 0xFF, 0xFF, 0x07, 0xC0, 0xFF, 0xFF, 0x03, 0x00, 0x00,
    0xFF, 0xFF, 0x0F, 0x00, 0xFE, 0xFF, 0x0F, 0x00, 0x00, 0xFC, 0xFF, 0x3F, 0x00, 0xF8, 0xFF, 0x7F,
    0x00, 0x00, 0xF8, 0xFF, 0x7F, 0x00, 0xC0, 0xFF, 0xFF, 0x01, 0x00, 0xE0, 0xFF, 0xFF, 0x01, 0x00,
    0xFF, 0xFF, 0x0F, 0x00, 0xC0, 0xFF, 0xFF, 0x03, 0x00, 0xF8, 0xFF, 0x7F, 0x00, 0x00, 0xFF, 0xFF,
    0x07, 0x00, 0xE0, 0xFF, 0xFF, 0x01, 0x00, 0xFE, 0xFF, 0x1F, 0x00, 0x00, 0xFF, 0xFF, 0x0F, 0x00,
    0xF8, 0xFF, 0x3F, 0x00, 0x00, 0xF8, 0xFF, 0x3F, 0x00, 0xF0, 0xFF, 0xFF, 0x00, 0x00, 0xE0, 0xFF,
    0xFF, 0x01, 0xC0, 0xFF, 0xFF, 0x01, 0x00, 0x00, 0xFF, 0xFF, 0x07, 0x80, 0xFF, 0xFF, 0x03, 0x00,
    0x00, 0xFC, 0xFF, 0x3F, 0x00, 0xFF, 0xFF, 0x0F, 0x00, 0x00, 0xE0, 0xFF, 0xFF, 0x00, 0xFC, 0xFF,
    0x1F, 0x00, 0x00, 0x00, 0xFF, 0xFF, 0x07, 0xF8, 0xFF, 0x7F, 0x00, 0x00, 0x00, 0xFC, 0xFF, 0x1F,
    0xE0, 0xFF, 0xFF, 0x00, 0x00, 0x00, 0xE0, 0xFF, 0xFF, 0xC0, 0xFF, 0xFF, 0x03, 0x00, 0x00, 0x80,
    0xFF, 0xFF, 0x07, 0xFF, 0xFF, 0x07, 0x00, 0x00, 0x00, 0xFC, 0xFF, 0x1F, 0xFE, 0xFF, 0x0F, 0x00,
    0x00, 0x00, 0xE0, 0xFF, 0xFF, 0xF8, 0xFF, 0x3F, 0x00, 0x00, 0x00, 0x80, 0xFF, 0xFF, 0xF3, 0xFF,
    0x7F, 0x00, 0x00, 0x00, 0x00, 0xFC, 0xFF, 0xDF, 0xFF, 0xFF, 0x01, 0x00, 0x00, 0x00, 0xF0, 0xFF,
    0xFF, 0xFF, 0xFF, 0x03, 0x00, 0x00, 0x00, 0x80, 0xFF, 0xFF, 0xFF, 0xFF, 0x07, 0x00, 0x00, 0x00,
    0x00, 0xFE, 0xFF, 0xFF, 0xFF, 0x1F, 0x00, 0x00, 0x00, 0x00, 0xF0, 0xFF, 0xFF, 0xFF, 0x3F, 0x00,
    0x00, 0x00, 0x00, 0x80, 0xFF, 0xFF, 0xFF, 0xFF, 0x00, 0x00, 0x00, 0x00, 0x00, 0xFE, 0xFF, 0xFF,
    0xFF, 0x01, 0x00, 0x00, 0x00, 0x00, 0xF0, 0xFF, 0xFF, 0xFF, 0x03, 0x00, 0x00, 0x00, 0x00, 0xC0,
    0xFF, 0xFF, 0xFF, 0x0F, 0x00, 0x00, 0x00, 0x00, 0x00, 0xFE, 0xFF, 0xFF, 0x1F, 0x00, 0x00, 0x00,
    0x00, 0x00, 0xF0, 0xFF, 0xFF, 0x7F, 0x00, 0x00, 0x00, 0x00, 0x00, 0xC0, 0xFF, 0xFF, 0xFF, 0x00,
    0x00, 0x00, 0x00, 0x00, 0x00, 0xFE, 0xFF, 0xFF, 0x03, 0x00, 0x00, 0x00, 0x00, 0x00, 0xF8, 0xFF,
    0xFF, 0x07, 0x00, 0x00, 0x00, 0x00, 0x00, 0xC0, 0xFF, 0xFF, 0x1F, 0x00, 0x00, 0x00, 0x00, 0x00,
    0x80, 0xFF, 0xFF, 0x7F, 0x00, 0x00, 0x00, 0x00, 0x00, 0x00, 0xFF, 0xFF, 0xFF, 0x03, 0x00, 0x00,
    0x00, 0x00, 0x00, 0xFC, 0xFF, 0xFF, 0x1F, 0x00, 0x00, 0x00, 0x00, 0x00, 0xF8, 0xFF, 0xFF, 0x7F,
    0x00, 0x00, 0x00, 0x00, 0x00, 0xE0, 0xFF, 0xFF, 0xFF, 0x03, 0x00, 0x00, 0x00, 0x00, 0xC0, 0xFF,
    0xFF, 0xFF, 0x0F, 0x00, 0x00, 0x00, 0x00, 0x80, 0xFF, 0xFF, 0xFF, 0x7F, 0x00, 0x00, 0x00, 0x00,
    0x00, 0xFE, 0xFF, 0xFF, 0xFF, 0x01, 0x00, 0x00, 0x00, 0x00, 0xFC, 0xFF, 0xFF, 0xFF, 0x0F, 0x00,
    0x00, 0x00, 0x00, 0xF0, 0xFF, 0xFF, 0xFF, 0x7F, 0x00, 0x00, 0x00, 0x00, 0xE0, 0xFF, 0xFF, 0xFF,
    0xFF, 0x01, 0x00, 0x00, 0x00, 0xC0, 0xFF, 0xFF, 0xFF, 0xFF, 0x0F, 0x00, 0x00, 0x00, 0x00, 0xFF,
    0xFF, 0xFF, 0xFF, 0x3F, 0x00, 0x00, 0x00, 0x00, 0xFE, 0xFF, 0xCF, 0xFF, 0xFF, 0x01, 0x00, 0x00,
    0x00, 0xF8, 0xFF, 0x3F, 0xFF, 0xFF, 0x0F, 0x00, 0x00, 0x00, 0xF0, 0xFF, 0x7F, 0xF8, 0xFF, 0x3F,
    0x00, 0x00, 0x00, 0xE0, 0xFF, 0xFF, 0xE1, 0xFF, 0xFF, 0x01, 0x00, 0x00, 0x80, 0xFF, 0xFF, 0x03,
    0xFF, 0xFF, 0x07, 0x00, 0x00, 0x00, 0xFF, 0xFF, 0x0F, 0xF8, 0xFF, 0x3F, 0x00, 0x00, 0x00, 0xFC,
    0xFF, 0x1F, 0xE0, 0xFF, 0xFF, 0x01, 0x00, 0x00, 0xF8, 0xFF, 0x7F, 0x00, 0xFF, 0xFF, 0x07, 0x00,
    0x00, 0xF0, 0xFF, 0xFF, 0x00, 0xFC, 0xFF, 0x3F, 0x00, 0x00, 0xC0, 0xFF, 0xFF, 0x03, 0xE0, 0xFF,
    0xFF, 0x00, 0x00, 0x80, 0xFF, 0xFF, 0x07, 0x80, 0xFF, 0xFF, 0x07, 0x00, 0x00, 0xFE, 0xFF, 0x0F,
    0x00, 0xFC, 0xFF, 0x3F, 0x00, 0x00, 0xFC, 0xFF, 0x3F, 0x00, 0xF0, 0xFF, 0xFF, 0x00, 0x00, 0xF0,
    0xFF, 0x7F, 0x00, 0x80, 0xFF, 0xFF, 0x07, 0x00, 0xE0, 0xFF, 0xFF, 0x01, 0x00, 0xFC, 0xFF, 0x1F,
    0x00, 0xC0, 0xFF, 0xFF, 0x03, 0x00, 0xF0, 0xFF, 0xFF, 0x00, 0x00, 0xFF, 0xFF, 0x0F, 0x00, 0x80,
    0xFF, 0xFF, 0x07, 0x00, 0xFE, 0xFF, 0x1F, 0x00, 0x00, 0xFE, 0xFF, 0x1F, 0x00, 0xF8, 0xFF, 0x7F,
    0x00, 0x00, 0xF0, 0xFF, 0xFF, 0x00, 0xF0, 0xFF, 0xFF, 0x00, 0x00, 0xC0, 0xFF, 0xFF, 0x03, 0xE0,
    0xFF, 0xFF, 0x01, 0x00, 0x00, 0xFE, 0xFF, 0x1F, 0x80, 0xFF, 0xFF, 0x07, 0x00, 0x00, 0xF8, 0xFF,
    0xFF, 0x00, 0xFF, 0xFF, 0x0F, 0x00, 0x00, 0xC0, 0xFF, 0xFF, 0x03, 0xFC, 0xFF, 0x3F, 0x00, 0x00,
    0x00, 0xFE, 0xFF, 0x1F, 0xF8, 0xFF, 0x7F, 0x00, 0x00, 0x00, 0xF8, 0xFF, 0x7F, 0xF0, 0xFF, 0xFF,
    0x01, 0x00, 0x00, 0xC0, 0xFF, 0xFF, 0xC3, 0xFF, 0xFF, 0x03, 0x00, 0x00, 0x00, 0xFF, 0xFF, 0x9F,
    0xFF, 0xFF, 0x0F, 0x00, 0x00, 0x00, 0xF8, 0xFF, 0x7F, 0xFF, 0xFF, 0x1F, 0x00, 0x00, 0x00, 0xE0,
    0xFF, 0xFF, 0x03,
    // Unicode: [0x0059]
    0xFF, 0xFF, 0x0F, 0x00, 0x00, 0x00, 0x80, 0xFF, 0xFF, 0xFB, 0xFF, 0x3F, 0x00, 0x00, 0x00, 0x00,
    0xFF, 0xFF, 0xE7, 0xFF, 0xFF, 0x01, 0x00, 0x00, 0x00, 0xFC, 0xFF, 0x1F, 0xFF, 0xFF, 0x07, 0x00,
    0x00, 0x00, 0xF8, 0xFF, 0x3F, 0xFC, 0xFF, 0x1F, 0x00, 0x00, 0x00, 0xE0, 0xFF, 0xFF, 0xE0, 0xFF,
    0xFF, 0x00, 0x00, 0x00, 0xC0, 0xFF, 0xFF, 0x81, 0xFF, 0xFF, 0x03, 0x00, 0x00, 0x00, 0xFF, 0xFF,
    0x07, 0xFC, 0xFF, 0x1F, 0x00, 0x00, 0x00, 0xFE, 0xFF, 0x0F, 0xE0, 0xFF, 0x7F, 0x00, 0x00, 0x00,
    0xF8, 0xFF, 0x3F, 0x80, 0xFF, 0xFF, 0x03, 0x00, 0x00, 0xF0, 0xFF, 0x7F, 0x00, 0xFC, 0xFF, 0x0F,
    0x00, 0x00, 0xC0, 0xFF, 0xFF, 0x01, 0xF0, 0xFF, 0x7F, 0x00, 0x00, 0x80, 0xFF, 0xFF, 0x03, 0x80,
    0xFF, 0xFF, 0x01, 0x00, 0x00, 0xFE, 0xFF, 0x0F, 0x00, 0xFE, 0xFF, 0x0F, 0x00, 0x00, 0xF8, 0xFF,
    0x1F, 0x00, 0xF0, 0xFF, 0x3F, 0x00, 0x00, 0xF0, 0xFF, 0x7F, 0x00, 0xC0, 0xFF, 0xFF, 0x01, 0x00,
    0xC0, 0xFF, 0xFF, 0x00, 0x00, 0xFE, 0xFF, 0x07, 0x00, 0x80, 0xFF, 0xFF, 0x01, 0x00, 0xF8, 0xFF,
    0x1F, 0x00, 0x00, 0xFE, 0xFF, 0x07, 0x00, 0xC0, 0xFF, 0xFF, 0x00, 0x00, 0xFC, 0xFF, 0x0F, 0x00,
    0x00, 0xFF, 0xFF, 0x03, 0x00, 0xF0, 0xFF, 0x3F, 0x00, 0x00, 0xF8, 0xFF, 0x1F, 0x00, 0xE0, 0xFF,
    0x7F, 0x00, 0x00, 0xE0, 0xFF, 0x7F, 0x00, 0x80, 0xFF, 0xFF, 0x01, 0x00, 0x00, 0xFF, 0xFF, 0x03,
    0x00, 0xFF, 0xFF, 0x03, 0x00, 0x00, 0xFC, 0xFF, 0x0F, 0x00, 0xFC, 0xFF, 0x0F, 0x00, 0x00, 0xE0,
    0xFF, 0x7F, 0x00, 0xF8, 0xFF, 0x1F, 0x00, 0x00, 0x80, 0xFF, 0xFF, 0x01, 0xE0, 0xFF, 0x7F, 0x00,
    0x00, 0x00, 0xFC, 0xFF, 0x0F, 0xC0, 0xFF, 0xFF, 0x00, 0x00, 0x00, 0xF0, 0xFF, 0x3F, 0x00, 0xFF,
    0xFF, 0x03, 0x00, 0x00, 0x80, 0xFF, 0xFF, 0x01, 0xFC, 0xFF, 0x07, 0x00, 0x00, 0x00, 0xFE, 0xFF,
    0x07, 0xF8, 0xFF, 0x1F, 0x00, 0x00, 0x00, 0xF0, 0xFF, 0x1F, 0xE0, 0xFF, 0x3F, 0x00, 0x00, 0x00,
    0xC0, 0xFF, 0xFF, 0xC0, 0xFF, 0xFF, 0x00, 0x00, 0x00, 0x00, 0xFE, 0xFF, 0x03, 0xFF, 0xFF, 0x01,
    0x00, 0x00, 0x00, 0xF8, 0xFF, 0x1F, 0xFE, 0xFF, 0x07, 0x00, 0x00, 0x00, 0xC0, 0xFF, 0x7F, 0xF8,
    0xFF, 0x0F, 0x00, 0x00, 0x00, 0x00, 0xFF, 0xFF, 0xF3, 0xFF, 0x3F, 0x00, 0x00, 0x00, 0x00, 0xF8,
    0xFF, 0xCF, 0xFF, 0x7F, 0x00, 0x00, 0x00, 0x00, 0xE0, 0xFF, 0xFF, 0xFF, 0xFF, 0x01, 0x00, 0x00,
    0x00, 0x00, 0xFF, 0xFF, 0xFF, 0xFF, 0x03, 0x00, 0x00, 0x00, 0x00, 0xF8, 0xFF, 0xFF, 0xFF, 0x0F,
    0x00, 0x00, 0x00, 0x00, 0xE0, 0xFF, 0xFF, 0xFF, 0x1F, 0x00, 0x00, 0x00, 0x00, 0x00, 0xFF, 0xFF,
    0xFF, 0x7F, 0x00, 0x00, 0x00, 0x00, 0x00, 0xFC, 0xFF, 0xFF, 0xFF, 0x00, 0x00, 0x00, 0x00, 0x00,
    0xE0, 0xFF, 0xFF, 0xFF, 0x03, 0x00, 0x00, 0x00, 0x00, 0x80, 0xFF, 0xFF, 0xFF, 0x07, 0x00, 0x00,
    0x00, 0x00, 0x00, 0xFC, 0xFF, 0xFF, 0x0F, 0x00, 0x00, 0x00, 0x00, 0x00, 0xF0, 0xFF, 0xFF, 0x3F,
    0x00, 0x00, 0x00, 0x00, 0x00, 0x80, 0xFF, 0xFF, 0x7F, 0x00, 0x00, 0x00, 0x00, 0x00, 0x00, 0xFE,
    0xFF, 0xFF, 0x01, 0x00, 0x00, 0x00, 0x00, 0x00, 0xF0, 0xFF, 0xFF, 0x03, 0x00, 0x00, 0x00, 0x00,
    0x00, 0xC0, 0xFF, 0xFF, 0x0F, 0x00, 0x00, 0x00, 0x00, 0x00, 0x00, 0xFE, 0xFF, 0x1F, 0x00, 0x00,
    0x00, 0x00, 0x00, 0x00, 0xF8, 0xFF, 0x7F, 0x00, 0x00, 0x00, 0x00, 0x00, 0x00, 0xC0, 0xFF, 0xFF,
    0x00, 0x00, 0x00, 0x00, 0x00, 0x00, 0x00, 0xFF, 0xFF, 0x03, 0x00, 0x00, 0x00, 0x00, 0x00, 0x00,
    0xFC, 0xFF, 0x0F, 0x00, 0x00, 0x00, 0x00, 0x00, 0x00, 0xF0, 0xFF, 0x3F, 0x00, 0x00, 0x00, 0x00,
    0x00, 0x00, 0xC0, 0xFF, 0xFF, 0x00, 0x00, 0x00, 0x00, 0x00, 0x00, 0x00, 0xFF, 0xFF, 0x03, 0x00,
    0x00, 0x00, 0x00, 0x00, 0x00, 0xFC, 0xFF, 0x0F, 0x00, 0x00, 0x00, 0x00, 0x00, 0x00, 0xF0, 0xFF,
    0x3F, 0x00, 0x00, 0x00, 0x00, 0x00, 0x00, 0xC0, 0xFF, 0xFF, 0x00, 0x00, 0x00, 0x00, 0x00, 0x00,
    0x00, 0xFF, 0xFF, 0x03, 0x00, 0x00, 0x00, 0x00, 0x00, 0x00, 0xFC, 0xFF, 0x0F, 0x00, 0x00, 0x00,
    0x00, 0x00, 0x00, 0xF0, 0xFF, 0x3F, 0x00, 0x00, 0x00, 0x00, 0x00, 0x00, 0xC0, 0xFF, 0xFF, 0x00,
    0x00, 0x00, 0x00, 0x00, 0x00, 0x00, 0xFF, 0xFF, 0x03, 0x00, 0x00, 0x00, 0x00, 0x00, 0x00, 0xFC,
    0xFF, 0x0F, 0x00, 0x00, 0x00, 0x00, 0x00, 0x00, 0xF0, 0xFF, 0x3F, 0x00, 0x00, 0x00, 0x00, 0x00,
    0x00, 0xC0, 0xFF, 0xFF, 0x00, 0x00, 0x00, 0x00, 0x00, 0x00, 0x00, 0xFF, 0xFF, 0x03, 0x00, 0x00,
    0x00, 0x00, 0x00, 0x00, 0xFC, 0xFF, 0x0F, 0x00, 0x00, 0x00, 0x00, 0x00, 0x00, 0xF0, 0xFF, 0x3F,
    0x00, 0x00, 0x00, 0x00, 0x00, 0x00, 0xC0, 0xFF, 0xFF, 0x00, 0x00, 0x00, 0x00, 0x00, 0x00, 0x00,
    0xFF, 0xFF, 0x03, 0x00, 0x00, 0x00, 0x00, 0x00, 0x00, 0xFC, 0xFF, 0x0F, 0x00, 0x00, 0x00, 0x00,
    0x00, 0x00, 0xF0, 0xFF, 0x3F, 0x00, 0x00, 0x00, 0x00, 0x00, 0x00, 0xC0, 0xFF, 0xFF, 0x00, 0x00,
    0x00, 0x00, 0x00, 0x00, 0x00, 0xFF, 0xFF, 0x03, 0x00, 0x00, 0x00, 0x00, 0x00, 0x00, 0xFC, 0xFF,
    0x0F, 0x00, 0x00, 0x00, 0x00, 0x00, 0x00, 0xF0, 0xFF, 0x3F, 0x00, 0x00, 0x00, 0x00, 0x00, 0x00,
    0xC0, 0xFF, 0xFF, 0x00, 0x00, 0x00, 0x00, 0x00, 0x00, 0x00, 0xFF, 0xFF, 0x03, 0x00, 0x00, 0x00,
    0x00, 0x00, 0x00, 0xFC, 0xFF, 0x0F, 0x00, 0x00, 0x00, 0x00, 0x00, 0x00, 0xF0, 0xFF, 0x3F, 0x00,
    0x00, 0x00, 0x00,
    // Unicode: [0x005A]
    0xFF, 0xFF, 0xFF, 0xFF, 0xFF, 0xFF, 0xFF, 0xFF, 0xFE, 0xFF, 0xFF, 0xFF, 0xFF, 0xFF, 0xFF, 0xFF,
    0xFD, 0xFF, 0xFF, 0xFF, 0xFF, 0xFF, 0xFF, 0xFF, 0xFB, 0xFF, 0xFF, 0xFF, 0xFF, 0xFF, 0xFF, 0xFF,
    0xF7, 0xFF, 0xFF, 0xFF, 0xFF, 0xFF, 0xFF, 0xFF, 0xEF, 0xFF, 0xFF, 0xFF, 0xFF, 0xFF, 0xFF, 0xFF,
    0xDF, 0xFF, 0xFF, 0xFF, 0xFF, 0xFF, 0xFF, 0xFF, 0xBF, 0xFF, 0xFF, 0xFF, 0xFF, 0xFF, 0xFF, 0xFF,
    0x7F, 0xFF, 0xFF, 0xFF, 0xFF, 0xFF, 0xFF, 0xFF, 0xFF, 0xFE, 0xFF, 0xFF, 0xFF, 0xFF, 0xFF, 0xFF,
    0xFF, 0xFD, 0xFF, 0xFF, 0xFF, 0xFF, 0xFF, 0xFF, 0xFF, 0xFB, 0xFF, 0xFF, 0xFF, 0xFF, 0xFF, 0xFF,
    0xFF, 0xF3, 0xFF, 0xFF, 0xFF, 0xFF, 0xFF, 0xFF, 0xFF, 0xE7, 0xFF, 0xFF, 0xFF, 0xFF, 0xFF, 0xFF,
    0xFF, 0x07, 0x00, 0x00, 0x00, 0x00, 0x00, 0xFF, 0xFF, 0x07, 0x00, 0x00, 0x00, 0x00, 0x00, 0xFF,
    0xFF, 0x07, 0x00, 0x00, 0x00, 0x00, 0x00, 0xFE, 0xFF, 0x0F, 0x00, 0x00, 0x00, 0x00, 0x00, 0xFE,
    0xFF, 0x0F, 0x00, 0x00, 0x00, 0x00, 0x00, 0xFE, 0xFF, 0x0F, 0x00, 0x00, 0x00, 0x00, 0x00, 0xFC,
    0xFF, 0x1F, 0x00, 0x00, 0x00, 0x00, 0x00, 0xFC, 0xFF, 0x1F, 0x00, 0x00, 0x00, 0x00, 0x00, 0xFC,
    0xFF, 0x1F, 0x00, 0x00, 0x00, 0x00, 0x00, 0xF8, 0xFF, 0x3F, 0x00, 0x00, 0x00, 0x00, 0x00, 0xF8,
    0xFF, 0x3F, 0x00, 0x00, 0x00, 0x00, 0x00, 0xF8, 0xFF, 0x3F, 0x00, 0x00, 0x00, 0x00, 0x00, 0xF8,
    0xFF, 0x7F, 0x00, 0x00, 0x00, 0x00, 0x00, 0xF0, 0xFF, 0x7F, 0x00, 0x00, 0x00, 0x00, 0x00, 0xF0,
    0xFF, 0x7F, 0x00, 0x00, 0x00, 0x00, 0x00, 0xF0, 0xFF, 0xFF, 0x00, 0x00, 0x00, 0x00, 0x00, 0xE0,
    0xFF, 0xFF, 0x00, 0x00, 0x00, 0x00, 0x00, 0xE0, 0xFF, 0xFF, 0x00, 0x00, 0x00, 0x00, 0x00, 0xE0,
    0xFF, 0xFF, 0x00, 0x00, 0x00, 0x00, 0x00, 0xC0, 0xFF, 0xFF, 0x01, 0x00, 0x00, 0x00, 0x00, 0xC0,
    0xFF, 0xFF, 0x01, 0x00, 0x00, 0x00, 0x00, 0xC0, 0xFF, 0xFF, 0x01, 0x00, 0x00, 0x00, 0x00, 0x80,
    0xFF, 0xFF, 0x03, 0x00, 0x00, 0x00, 0x00, 0x80, 0xFF, 0xFF, 0x03, 0x00, 0x00, 0x00, 0x00, 0x80,
    0xFF, 0xFF, 0x03, 0x00, 0x00, 0x00, 0x00, 0x80, 0xFF, 0xFF, 0x07, 0x00, 0x00, 0x00, 0x00, 0x00,
    0xFF, 0xFF, 0x07, 0x00, 0x00, 0x00, 0x00, 0x00, 0xFF, 0xFF, 0x07, 0x00, 0x00, 0x00, 0x00, 0x00,
    0xFF, 0xFF, 0x0F, 0x00, 0x00, 0x00, 0x00, 0x00, 0xFE, 0xFF, 0x0F, 0x00, 0x00, 0x00, 0x00, 0x00,
    0xFE, 0xFF, 0x0F, 0x00, 0x00, 0x00, 0x00, 0x00, 0xFE, 0xFF, 0x1F, 0x00, 0x00, 0x00, 0x00, 0x00,
    0xFC, 0xFF, 0x1F, 0x00, 0x00, 0x00, 0x00, 0x00, 0xFC, 0xFF, 0x1F, 0x00, 0x00, 0x00, 0x00, 0x00,
    0xFC, 0xFF, 0x1F, 0x00, 0x00, 0x00, 0x00, 0x00, 0xFC, 0xFF, 0x3F, 0x00, 0x00, 0x00, 0x00, 0x00,
    0xF8, 0xFF, 0x3F, 0x00, 0x00, 0x00, 0x00, 0x00, 0xF8, 0xFF, 0x3F, 0x00, 0x00, 0x00, 0x00, 0x00,
    0xF8, 0xFF, 0x7F, 0x00, 0x00, 0x00, 0x00, 0x00, 0xF0, 0xFF, 0x7F, 0x00, 0x00, 0x00, 0x00, 0x00,
    0xF0, 0xFF, 0x7F, 0x00, 0x00, 0x00, 0x00, 0x00, 0xF0, 0xFF, 0xFF, 0x00, 0x00, 0x00, 0x00, 0x00,
    0xE0, 0xFF, 0xFF, 0x00, 0x00, 0x00, 0x00, 0x00, 0xE0, 0xFF, 0xFF, 0x00, 0x00, 0x00, 0x00, 0x00,
    0xE0, 0xFF, 0xFF, 0x01, 0x00, 0x00, 0x00, 0x00, 0xC0, 0xFF, 0xFF, 0x01, 0x00, 0x00, 0x00, 0x00,
    0xC0, 0xFF, 0xFF, 0x01, 0x00, 0x00, 0x00, 0x00, 0xC0, 0xFF, 0xFF, 0x03, 0x00, 0x00, 0x00, 0x00,
    0xC0, 0xFF, 0xFF, 0x03, 0x00, 0x00, 0x00, 0x00, 0x80, 0xFF, 0xFF, 0x03, 0x00, 0x00, 0x00, 0x00,
    0x80, 0xFF, 0xFF, 0x03, 0x00, 0x00, 0x00, 0x00, 0x80, 0xFF, 0xFF, 0x07, 0x00, 0x00, 0x00, 0x00,
    0x00, 0xFF, 0xFF, 0x07, 0x00, 0x00, 0x00, 0x00, 0x00, 0xFF, 0xFF, 0x07, 0x00, 0x00, 0x00, 0x00,
    0x00, 0xFF, 0xFF, 0x0F, 0x00, 0x00, 0x00, 0x00, 0x00, 0xFE, 0xFF, 0x0F, 0x00, 0x00, 0x00, 0x00,
    0x00, 0xFE, 0xFF, 0x0F, 0x00, 0x00, 0x00, 0x00, 0x00, 0xFE, 0xFF, 0x1F, 0x00, 0x00, 0x00, 0x00,
    0x00, 0xFC, 0xFF, 0xFF, 0xFF, 0xFF, 0xFF, 0xFF, 0xFF, 0xFC, 0xFF, 0xFF, 0xFF, 0xFF, 0xFF, 0xFF,
    0xFF, 0xFD, 0xFF, 0xFF, 0xFF, 0xFF, 0xFF, 0xFF, 0xFF, 0xFF, 0xFF, 0xFF, 0xFF, 0xFF, 0xFF, 0xFF,
    0xFF, 0xFF, 0xFF, 0xFF, 0xFF, 0xFF, 0xFF, 0xFF, 0xFF, 0xFF, 0xFF, 0xFF, 0xFF, 0xFF, 0xFF, 0xFF,
    0xFF, 0xFF, 0xFF, 0xFF, 0xFF, 0xFF, 0xFF, 0xFF, 0xFF, 0xFF, 0xFF, 0xFF, 0xFF, 0xFF, 0xFF, 0xFF,
    0xFF, 0xFF, 0xFF, 0xFF, 0xFF, 0xFF, 0xFF, 0xFF, 0xFF, 0xFF, 0xFF, 0xFF, 0xFF, 0xFF, 0xFF, 0xFF,
    0xFF, 0xFF, 0xFF, 0xFF, 0xFF, 0xFF, 0xFF, 0xFF, 0xFF, 0xFF, 0xFF, 0xFF, 0xFF, 0xFF, 0xFF, 0xFF,
    0xFF, 0xFF, 0xFF, 0xFF, 0xFF, 0xFF, 0xFF, 0xFF, 0xFF, 0xFF, 0xFF, 0xFF, 0xFF, 0xFF, 0xFF, 0xFF,
    0xFF, 0xFF, 0x1F
};
